id,key,enabled,bom_type,cylinder_label,agent_type,item_order,brand,code,product,unit,quantity_base,delivery,unit_price
1,SISTEMATANK SIZE 8LFM-2001-1,True,SISTEMA,TANK SIZE 8L,FM-200,1.0,ANSUL,AGLIMP-RECARGA-00,SERVICIO DE CARGA DE AGENTE 8L,c/u.,1.0,8L CARGA,1
2,SISTEMATANK SIZE 8LFM-2001-2,True,SISTEMA,TANK SIZE 8L,FM-200,2.0,ANSUL,445732,"TANK SIZE 8L, Fill: 9-17 lb.",c/u.,1.0,445732,1
3,SISTEMATANK SIZE 8LFM-2001-3,True,SISTEMA,TANK SIZE 8L,FM-200,3.0,ANSUL,FM-200-SRL,"FM-200 Agent,",c/u.,2.0,453646,1
4,SISTEMATANK SIZE 8LFM-2001-4,True,SISTEMA,TANK SIZE 8L,FM-200,4.0,ANSUL,570055,"Gauge, Cylinder Valve FM-200",c/u.,1.0,570055,1
5,SISTEMATANK SIZE 8LFM-2001-5,True,SISTEMA,TANK SIZE 8L,FM-200,5.0,ANSUL,314205321,Label FM-200 8/16/52L UL/FM,c/u.,1.0,314205321,1
6,SISTEMATANK SIZE 8LFM-2001-6,True,SISTEMA,TANK SIZE 8L,FM-200,6.0,ANSUL,570585,Cylinder Low Pressure Switch,c/u.,1.0,570585,1
7,SISTEMATANK SIZE 8LFM-2001-7,True,SISTEMA,TANK SIZE 8L,FM-200,7.0,ANSUL,304205030,Electric Actuator Shipping Assembly,c/u.,1.0,304205030,1
8,SISTEMATANK SIZE 8LFM-2001-8,True,SISTEMA,TANK SIZE 8L,FM-200,8.0,ANSUL,A1638150HY,Local Manual Actuator,c/u.,1.0,A1638150HY,1
9,SISTEMATANK SIZE 8LFM-2001-9,True,SISTEMA,TANK SIZE 8L,FM-200,9.0,ANSUL,570085-R2,"Tank Bracket Assembly (Fits 20, 50 & 90 lb. Tanks)",c/u.,1.0,570085-R2,1
10,SISTEMATANK SIZE 8LFM-2001-10,True,SISTEMA,TANK SIZE 8L,FM-200,10.0,ANSUL,17549OK,"Nozzle, según memoria de calculo",c/u.,1.0,NOZ. 8L,1
11,SISTEMATANK SIZE 8LFM-2001-11,True,SISTEMA,TANK SIZE 8L,FM-200,11.0,ANSUL,442927-R2,"NAMEPLATE, FM200, DO NOT ENTER",c/u.,1.0,442927-R2,1
12,SISTEMATANK SIZE 8LFM-2001-12,True,SISTEMA,TANK SIZE 8L,FM-200,12.0,ANSUL,442928-R2,"NAMEPLATE, FM200, PROTECTED,",c/u.,1.0,442928-R2,1
13,SISTEMATANK SIZE 8LFM-2001-13,True,SISTEMA,TANK SIZE 8L,FM-200,13.0,ANSUL,570557,"Single-Tank Swivel Adaptor, 1 in. (P/N 309002016)",c/u.,1.0,570557,1
14,SISTEMATANK SIZE 8LFM-2001-14,True,SISTEMA,TANK SIZE 8L,FM-200,14.0,,,,c/u.,,0,1
15,SISTEMATANK SIZE 8LFM-2001-15,True,SISTEMA,TANK SIZE 8L,FM-200,15.0,ANSUL,437900,"Switch, Pressure, 3PDT",c/u.,1.0,437900,1
16,SISTEMATANK SIZE 8LFM-2001-16,True,SISTEMA,TANK SIZE 8L,FM-200,16.0,ANSUL,73597,"Acutation Hose, 16 in., 1/4 in. NPT x 7/16-20 in. F Flare",c/u.,1.0,73597,1
17,SISTEMATANK SIZE 8LFM-2001-17,True,SISTEMA,TANK SIZE 8L,FM-200,17.0,ANSUL,32338,"Male Straight Connector, 7/16 - 20 x 1/4 in. NPT",c/u.,1.0,32338,1
19,OPCIONALTANK SIZE 8LFM-2001-1,True,OPCIONAL,TANK SIZE 8L,FM-200,1.0,ANSUL,570539-R2,"Flexible Discharge Hose, 1 in.",c/u.,1.0,570539-R2,1
20,OPCIONALTANK SIZE 8LFM-2001-2,True,OPCIONAL,TANK SIZE 8L,FM-200,2.0,ANSUL,437900,"Switch, Pressure, 3PDT",c/u.,1.0,437900,1
21,OPCIONALTANK SIZE 8LFM-2001-3,True,OPCIONAL,TANK SIZE 8L,FM-200,3.0,ANSUL,73597,"Acutation Hose, 16 in., 1/4 in. NPT x 7/16-20 in. F Flare",c/u.,1.0,73597,1
22,OPCIONALTANK SIZE 8LFM-2001-4,True,OPCIONAL,TANK SIZE 8L,FM-200,4.0,ANSUL,32338,"Male Straight Connector, 7/16 - 20 x 1/4 in. NPT",c/u.,1.0,32338,1
23,OPCIONALTANK SIZE 8LFM-2001-5,True,OPCIONAL,TANK SIZE 8L,FM-200,5.0,ANSUL,76498,"Switch, Maintenance, Surface Mount",c/u.,1.0,76498,1
25,SISTEMATANK SIZE 16LFM-2001-1,True,SISTEMA,TANK SIZE 16L,FM-200,1.0,ANSUL,AGLIMP-RECARGA-00,SERVICIO DE CARGA DE AGENTE 16L,c/u.,1.0,16L CARGA,1
26,SISTEMATANK SIZE 16LFM-2001-2,True,SISTEMA,TANK SIZE 16L,FM-200,2.0,ANSUL,445733,"TANK SIZE 16L, Fill: 18-35 lb.",c/u.,1.0,445733,1
27,SISTEMATANK SIZE 16LFM-2001-3,True,SISTEMA,TANK SIZE 16L,FM-200,3.0,ANSUL,FM-200-SRL,"FM-200 Agent,",c/u.,2.0,453646,1
28,SISTEMATANK SIZE 16LFM-2001-4,True,SISTEMA,TANK SIZE 16L,FM-200,4.0,ANSUL,570055,"Gauge, Cylinder Valve FM-200",c/u.,1.0,570055,1
29,SISTEMATANK SIZE 16LFM-2001-5,True,SISTEMA,TANK SIZE 16L,FM-200,5.0,ANSUL,314205321,Label FM-200 8/16/52L UL/FM,c/u.,1.0,314205321,1
30,SISTEMATANK SIZE 16LFM-2001-6,True,SISTEMA,TANK SIZE 16L,FM-200,6.0,ANSUL,570585,Cylinder Low Pressure Switch,c/u.,1.0,570585,1
31,SISTEMATANK SIZE 16LFM-2001-7,True,SISTEMA,TANK SIZE 16L,FM-200,7.0,ANSUL,304205030,Electric Actuator Shipping Assembly,c/u.,1.0,304205030,1
32,SISTEMATANK SIZE 16LFM-2001-8,True,SISTEMA,TANK SIZE 16L,FM-200,8.0,ANSUL,A1638150HY,Local Manual Actuator,c/u.,1.0,A1638150HY,1
33,SISTEMATANK SIZE 16LFM-2001-9,True,SISTEMA,TANK SIZE 16L,FM-200,9.0,ANSUL,570085-R2,"Tank Bracket Assembly (Fits 20, 50 & 90 lb. Tanks)",c/u.,2.0,570085-R2,1
34,SISTEMATANK SIZE 16LFM-2001-10,True,SISTEMA,TANK SIZE 16L,FM-200,10.0,ANSUL,17549OK,"Nozzle, según memoria de calculo",c/u.,1.0,NOZ. 16L,1
35,SISTEMATANK SIZE 16LFM-2001-11,True,SISTEMA,TANK SIZE 16L,FM-200,11.0,ANSUL,442927-R2,"NAMEPLATE, FM200, DO NOT ENTER",c/u.,1.0,442927-R2,1
36,SISTEMATANK SIZE 16LFM-2001-12,True,SISTEMA,TANK SIZE 16L,FM-200,12.0,ANSUL,442928-R2,"NAMEPLATE, FM200, PROTECTED,",c/u.,1.0,442928-R2,1
37,SISTEMATANK SIZE 16LFM-2001-13,True,SISTEMA,TANK SIZE 16L,FM-200,13.0,ANSUL,570557,"Single-Tank Swivel Adaptor, 1 in. (P/N 309002016)",c/u.,1.0,570557,1
38,SISTEMATANK SIZE 16LFM-2001-14,True,SISTEMA,TANK SIZE 16L,FM-200,14.0,,,,,,0,1
39,SISTEMATANK SIZE 16LFM-2001-15,True,SISTEMA,TANK SIZE 16L,FM-200,15.0,ANSUL,437900,"Switch, Pressure, 3PDT",c/u.,1.0,437900,1
40,SISTEMATANK SIZE 16LFM-2001-16,True,SISTEMA,TANK SIZE 16L,FM-200,16.0,ANSUL,73597,"Acutation Hose, 16 in., 1/4 in. NPT x 7/16-20 in. F Flare",c/u.,1.0,73597,1
41,SISTEMATANK SIZE 16LFM-2001-17,True,SISTEMA,TANK SIZE 16L,FM-200,17.0,ANSUL,32338,"Male Straight Connector, 7/16 - 20 x 1/4 in. NPT",c/u.,1.0,32338,1
43,OPCIONALTANK SIZE 16LFM-2001-1,True,OPCIONAL,TANK SIZE 16L,FM-200,1.0,ANSUL,570539-R2,"Flexible Discharge Hose, 1 in.",c/u.,1.0,570539-R2,1
44,OPCIONALTANK SIZE 16LFM-2001-2,True,OPCIONAL,TANK SIZE 16L,FM-200,2.0,ANSUL,437900,"Switch, Pressure, 3PDT",c/u.,1.0,437900,1
45,OPCIONALTANK SIZE 16LFM-2001-3,True,OPCIONAL,TANK SIZE 16L,FM-200,3.0,ANSUL,73597,"Acutation Hose, 16 in., 1/4 in. NPT x 7/16-20 in. F Flare",c/u.,1.0,73597,1
46,OPCIONALTANK SIZE 16LFM-2001-4,True,OPCIONAL,TANK SIZE 16L,FM-200,4.0,ANSUL,32338,"Male Straight Connector, 7/16 - 20 x 1/4 in. NPT",c/u.,1.0,32338,1
47,OPCIONALTANK SIZE 16LFM-2001-5,True,OPCIONAL,TANK SIZE 16L,FM-200,5.0,ANSUL,76498,"Switch, Maintenance, Surface Mount",c/u.,1.0,76498,1
49,SISTEMATANK SIZE 32LFM-2001-1,True,SISTEMA,TANK SIZE 32L,FM-200,1.0,ANSUL,AGLIMP-RECARGA-00,SERVICIO DE CARGA DE AGENTE 32L,c/u.,1.0,32L CARGA,1
50,SISTEMATANK SIZE 32LFM-2001-2,True,SISTEMA,TANK SIZE 32L,FM-200,2.0,ANSUL,445734,"TANK SIZE 32L, Fill: 36-70 lb.",c/u.,1.0,445734,1
51,SISTEMATANK SIZE 32LFM-2001-3,True,SISTEMA,TANK SIZE 32L,FM-200,3.0,ANSUL,FM-200-SRL,"FM-200 Agent,",c/u.,2.0,453646,1
52,SISTEMATANK SIZE 32LFM-2001-4,True,SISTEMA,TANK SIZE 32L,FM-200,4.0,ANSUL,570055,"Gauge, Cylinder Valve FM-200",c/u.,1.0,570055,1
53,SISTEMATANK SIZE 32LFM-2001-5,True,SISTEMA,TANK SIZE 32L,FM-200,5.0,ANSUL,314205314,Label FM-200 32/106/147/180/343L UL/FM,c/u.,1.0,314205314,1
54,SISTEMATANK SIZE 32LFM-2001-6,True,SISTEMA,TANK SIZE 32L,FM-200,6.0,ANSUL,570585,Cylinder Low Pressure Switch,c/u.,1.0,570585,1
55,SISTEMATANK SIZE 32LFM-2001-7,True,SISTEMA,TANK SIZE 32L,FM-200,7.0,ANSUL,304205030,Electric Actuator Shipping Assembly,c/u.,1.0,304205030,1
56,SISTEMATANK SIZE 32LFM-2001-8,True,SISTEMA,TANK SIZE 32L,FM-200,8.0,ANSUL,A1638150HY,Local Manual Actuator,c/u.,1.0,A1638150HY,1
57,SISTEMATANK SIZE 32LFM-2001-9,True,SISTEMA,TANK SIZE 32L,FM-200,9.0,ANSUL,570085-R2,"Tank Bracket Assembly (Fits 20, 50 & 90 lb. Tanks)",c/u.,2.0,570085-R2,1
58,SISTEMATANK SIZE 32LFM-2001-10,True,SISTEMA,TANK SIZE 32L,FM-200,10.0,ANSUL,17549OK,"Nozzle, según memoria de calculo",c/u.,1.0,NOZ. 32L,1
59,SISTEMATANK SIZE 32LFM-2001-11,True,SISTEMA,TANK SIZE 32L,FM-200,11.0,ANSUL,442927-R2,"NAMEPLATE, FM200, DO NOT ENTER",c/u.,1.0,442927-R2,1
60,SISTEMATANK SIZE 32LFM-2001-12,True,SISTEMA,TANK SIZE 32L,FM-200,12.0,ANSUL,442928-R2,"NAMEPLATE, FM200, PROTECTED,",c/u.,1.0,442928-R2,1
61,SISTEMATANK SIZE 32LFM-2001-13,True,SISTEMA,TANK SIZE 32L,FM-200,13.0,ANSUL,570557,"Single-Tank Swivel Adaptor, 1 in. (P/N 309002016)",c/u.,1.0,570557,1
62,SISTEMATANK SIZE 32LFM-2001-14,True,SISTEMA,TANK SIZE 32L,FM-200,14.0,,,,,,0,1
63,SISTEMATANK SIZE 32LFM-2001-15,True,SISTEMA,TANK SIZE 32L,FM-200,15.0,ANSUL,437900,"Switch, Pressure, 3PDT",c/u.,1.0,437900,1
64,SISTEMATANK SIZE 32LFM-2001-16,True,SISTEMA,TANK SIZE 32L,FM-200,16.0,ANSUL,73597,"Acutation Hose, 16 in., 1/4 in. NPT x 7/16-20 in. F Flare",c/u.,1.0,73597,1
65,SISTEMATANK SIZE 32LFM-2001-17,True,SISTEMA,TANK SIZE 32L,FM-200,17.0,ANSUL,32338,"Male Straight Connector, 7/16 - 20 x 1/4 in. NPT",c/u.,1.0,32338,1
67,OPCIONALTANK SIZE 32LFM-2001-1,True,OPCIONAL,TANK SIZE 32L,FM-200,1.0,ANSUL,570539-R2,"Flexible Discharge Hose, 1 in.",c/u.,1.0,570539-R2,1
68,OPCIONALTANK SIZE 32LFM-2001-2,True,OPCIONAL,TANK SIZE 32L,FM-200,2.0,ANSUL,437900,"Switch, Pressure, 3PDT",c/u.,1.0,437900,1
69,OPCIONALTANK SIZE 32LFM-2001-3,True,OPCIONAL,TANK SIZE 32L,FM-200,3.0,ANSUL,73597,"Acutation Hose, 16 in., 1/4 in. NPT x 7/16-20 in. F Flare",c/u.,1.0,73597,1
70,OPCIONALTANK SIZE 32LFM-2001-4,True,OPCIONAL,TANK SIZE 32L,FM-200,4.0,ANSUL,32338,"Male Straight Connector, 7/16 - 20 x 1/4 in. NPT",c/u.,1.0,32338,1
71,OPCIONALTANK SIZE 32LFM-2001-5,True,OPCIONAL,TANK SIZE 32L,FM-200,5.0,ANSUL,76498,"Switch, Maintenance, Surface Mount",c/u.,1.0,76498,1
73,SISTEMATANK SIZE 52LFM-2001-1,True,SISTEMA,TANK SIZE 52L,FM-200,1.0,ANSUL,AGLIMP-RECARGA-00,SERVICIO DE CARGA DE AGENTE 52L,c/u.,1.0,52L CARGA,1
74,SISTEMATANK SIZE 52LFM-2001-2,True,SISTEMA,TANK SIZE 52L,FM-200,2.0,ANSUL,445735,"TANK SIZE 52L, Fill: 58-114 lb.",c/u.,1.0,445735,1
75,SISTEMATANK SIZE 52LFM-2001-3,True,SISTEMA,TANK SIZE 52L,FM-200,3.0,ANSUL,FM-200-SRL,"FM-200 Agent,",c/u.,2.0,453646,1
76,SISTEMATANK SIZE 52LFM-2001-4,True,SISTEMA,TANK SIZE 52L,FM-200,4.0,ANSUL,570055,"Gauge, Cylinder Valve FM-200",c/u.,1.0,570055,1
77,SISTEMATANK SIZE 52LFM-2001-5,True,SISTEMA,TANK SIZE 52L,FM-200,5.0,ANSUL,314205321,Label FM-200 8/16/52L UL/FM,c/u.,1.0,314205321,1
78,SISTEMATANK SIZE 52LFM-2001-6,True,SISTEMA,TANK SIZE 52L,FM-200,6.0,ANSUL,570585,Cylinder Low Pressure Switch,c/u.,1.0,570585,1
79,SISTEMATANK SIZE 52LFM-2001-7,True,SISTEMA,TANK SIZE 52L,FM-200,7.0,ANSUL,304205030,Electric Actuator Shipping Assembly,c/u.,1.0,304205030,1
80,SISTEMATANK SIZE 52LFM-2001-8,True,SISTEMA,TANK SIZE 52L,FM-200,8.0,ANSUL,A1638150HY,Local Manual Actuator,c/u.,1.0,A1638150HY,1
81,SISTEMATANK SIZE 52LFM-2001-9,True,SISTEMA,TANK SIZE 52L,FM-200,9.0,ANSUL,570092-R2,"Tank Bracket Assembly (Fits 140, 280, 390 & 450 lb. Tanks)",c/u.,2.0,570092-R2,1
82,SISTEMATANK SIZE 52LFM-2001-10,True,SISTEMA,TANK SIZE 52L,FM-200,10.0,ANSUL,17549OK,"Nozzle, según memoria de calculo",c/u.,1.0,NOZ. 52L,1
83,SISTEMATANK SIZE 52LFM-2001-11,True,SISTEMA,TANK SIZE 52L,FM-200,11.0,ANSUL,442927-R2,"NAMEPLATE, FM200, DO NOT ENTER",c/u.,1.0,442927-R2,1
84,SISTEMATANK SIZE 52LFM-2001-12,True,SISTEMA,TANK SIZE 52L,FM-200,12.0,ANSUL,442928-R2,"NAMEPLATE, FM200, PROTECTED,",c/u.,1.0,442928-R2,1
85,SISTEMATANK SIZE 52LFM-2001-13,True,SISTEMA,TANK SIZE 52L,FM-200,13.0,ANSUL,570558,"Single-Tank Swivel Adaptor, 2 in.  (P/N 309002017)",c/u.,1.0,570558,1
86,SISTEMATANK SIZE 52LFM-2001-14,True,SISTEMA,TANK SIZE 52L,FM-200,14.0,,,,,,0,1
87,SISTEMATANK SIZE 52LFM-2001-15,True,SISTEMA,TANK SIZE 52L,FM-200,15.0,ANSUL,437900,"Switch, Pressure, 3PDT",c/u.,1.0,437900,1
88,SISTEMATANK SIZE 52LFM-2001-16,True,SISTEMA,TANK SIZE 52L,FM-200,16.0,ANSUL,415142,"Acutation Hose, 32 in., 1/4 in. NPT x 7/16-20 in. F Flare",c/u.,1.0,415142,1
89,SISTEMATANK SIZE 52LFM-2001-17,True,SISTEMA,TANK SIZE 52L,FM-200,17.0,ANSUL,32338,"Male Straight Connector, 7/16 - 20 x 1/4 in. NPT",c/u.,1.0,32338,1
91,OPCIONALTANK SIZE 52LFM-2001-1,True,OPCIONAL,TANK SIZE 52L,FM-200,1.0,ANSUL,570538-R2,"Flexible Discharge Hose, 2 in.",c/u.,1.0,570538-R2,1
92,OPCIONALTANK SIZE 52LFM-2001-2,True,OPCIONAL,TANK SIZE 52L,FM-200,2.0,ANSUL,437900,"Switch, Pressure, 3PDT",c/u.,1.0,437900,1
93,OPCIONALTANK SIZE 52LFM-2001-3,True,OPCIONAL,TANK SIZE 52L,FM-200,3.0,ANSUL,415142,"Acutation Hose, 32 in., 1/4 in. NPT x 7/16-20 in. F Flare",c/u.,1.0,415142,1
94,OPCIONALTANK SIZE 52LFM-2001-4,True,OPCIONAL,TANK SIZE 52L,FM-200,4.0,ANSUL,32338,"Male Straight Connector, 7/16 - 20 x 1/4 in. NPT",c/u.,1.0,32338,1
95,OPCIONALTANK SIZE 52LFM-2001-5,True,OPCIONAL,TANK SIZE 52L,FM-200,5.0,ANSUL,76498,"Switch, Maintenance, Surface Mount",c/u.,1.0,76498,1
97,SISTEMATANK SIZE 106LFM-2001-1,True,SISTEMA,TANK SIZE 106L,FM-200,1.0,ANSUL,AGLIMP-RECARGA-00,SERVICIO DE CARGA DE AGENTE 106L,c/u.,1.0,106L CARGA,1
98,SISTEMATANK SIZE 106LFM-2001-2,True,SISTEMA,TANK SIZE 106L,FM-200,2.0,ANSUL,445736,"TANK SIZE 106L, Fill: 117-233 lb",c/u.,1.0,445736,1
99,SISTEMATANK SIZE 106LFM-2001-3,True,SISTEMA,TANK SIZE 106L,FM-200,3.0,ANSUL,FM-200-SRL,"FM-200 Agent,",c/u.,2.0,453646,1
100,SISTEMATANK SIZE 106LFM-2001-4,True,SISTEMA,TANK SIZE 106L,FM-200,4.0,ANSUL,570055,"Gauge, Cylinder Valve FM-200",c/u.,1.0,570055,1
101,SISTEMATANK SIZE 106LFM-2001-5,True,SISTEMA,TANK SIZE 106L,FM-200,5.0,ANSUL,314205314,Label FM-200 32/106/147/180/343L UL/FM,c/u.,1.0,314205314,1
102,SISTEMATANK SIZE 106LFM-2001-6,True,SISTEMA,TANK SIZE 106L,FM-200,6.0,ANSUL,570585,Cylinder Low Pressure Switch,c/u.,1.0,570585,1
103,SISTEMATANK SIZE 106LFM-2001-7,True,SISTEMA,TANK SIZE 106L,FM-200,7.0,ANSUL,304205030,Electric Actuator Shipping Assembly,c/u.,1.0,304205030,1
104,SISTEMATANK SIZE 106LFM-2001-8,True,SISTEMA,TANK SIZE 106L,FM-200,8.0,ANSUL,A1638150HY,Local Manual Actuator,c/u.,1.0,A1638150HY,1
105,SISTEMATANK SIZE 106LFM-2001-9,True,SISTEMA,TANK SIZE 106L,FM-200,9.0,ANSUL,570092-R2,"Tank Bracket Assembly (Fits 140, 280, 390 & 450 lb. Tanks)",c/u.,2.0,570092-R2,1
106,SISTEMATANK SIZE 106LFM-2001-10,True,SISTEMA,TANK SIZE 106L,FM-200,10.0,ANSUL,17549OK,"Nozzle, según memoria de calculo",c/u.,1.0,NOZ. 106L,1
107,SISTEMATANK SIZE 106LFM-2001-11,True,SISTEMA,TANK SIZE 106L,FM-200,11.0,ANSUL,442927-R2,"NAMEPLATE, FM200, DO NOT ENTER",c/u.,1.0,442927-R2,1
108,SISTEMATANK SIZE 106LFM-2001-12,True,SISTEMA,TANK SIZE 106L,FM-200,12.0,ANSUL,442928-R2,"NAMEPLATE, FM200, PROTECTED,",c/u.,1.0,442928-R2,1
109,SISTEMATANK SIZE 106LFM-2001-13,True,SISTEMA,TANK SIZE 106L,FM-200,13.0,ANSUL,570558,"Single-Tank Swivel Adaptor, 2 in.  (P/N 309002017)",c/u.,1.0,570558,1
110,SISTEMATANK SIZE 106LFM-2001-14,True,SISTEMA,TANK SIZE 106L,FM-200,14.0,,,,,,0,1
111,SISTEMATANK SIZE 106LFM-2001-15,True,SISTEMA,TANK SIZE 106L,FM-200,15.0,ANSUL,437900,"Switch, Pressure, 3PDT",c/u.,1.0,437900,1
112,SISTEMATANK SIZE 106LFM-2001-16,True,SISTEMA,TANK SIZE 106L,FM-200,16.0,ANSUL,415142,"Acutation Hose, 32 in., 1/4 in. NPT x 7/16-20 in. F Flare",c/u.,1.0,415142,1
113,SISTEMATANK SIZE 106LFM-2001-17,True,SISTEMA,TANK SIZE 106L,FM-200,17.0,ANSUL,32338,"Male Straight Connector, 7/16 - 20 x 1/4 in. NPT",c/u.,1.0,32338,1
114,SISTEMATANK SIZE 106LFM-2001-18,True,SISTEMA,TANK SIZE 106L,FM-200,18.0,,,,,,,1
116,OPCIONALTANK SIZE 106LFM-2001-1,True,OPCIONAL,TANK SIZE 106L,FM-200,1.0,ANSUL,570538-R2,"Flexible Discharge Hose, 2 in.",c/u.,1.0,570538-R2,1
117,OPCIONALTANK SIZE 106LFM-2001-2,True,OPCIONAL,TANK SIZE 106L,FM-200,2.0,ANSUL,437900,"Switch, Pressure, 3PDT",c/u.,1.0,437900,1
118,OPCIONALTANK SIZE 106LFM-2001-3,True,OPCIONAL,TANK SIZE 106L,FM-200,3.0,ANSUL,415142,"Acutation Hose, 32 in., 1/4 in. NPT x 7/16-20 in. F Flare",c/u.,1.0,415142,1
119,OPCIONALTANK SIZE 106LFM-2001-4,True,OPCIONAL,TANK SIZE 106L,FM-200,4.0,ANSUL,32338,"Male Straight Connector, 7/16 - 20 x 1/4 in. NPT",c/u.,1.0,32338,1
120,OPCIONALTANK SIZE 106LFM-2001-5,True,OPCIONAL,TANK SIZE 106L,FM-200,5.0,ANSUL,76498,"Switch, Maintenance, Surface Mount",c/u.,1.0,76498,1
121,OPCIONALTANK SIZE 106LFM-2001-6,True,OPCIONAL,TANK SIZE 106L,FM-200,6.0,ANSUL,570277,"Liquid Level Indicator (For 280 lb. Tank), 32 in.",c/u.,1.0,570277,1
123,SISTEMATANK SIZE 147LFM-2001-1,True,SISTEMA,TANK SIZE 147L,FM-200,1.0,ANSUL,AGLIMP-RECARGA-00,SERVICIO DE CARGA DE AGENTE 147L,c/u.,1.0,147L CARGA,1
124,SISTEMATANK SIZE 147LFM-2001-2,True,SISTEMA,TANK SIZE 147L,FM-200,2.0,ANSUL,445737,"TANK SIZE 147L, Fill: 163-324 lb.",c/u.,1.0,445737,1
125,SISTEMATANK SIZE 147LFM-2001-3,True,SISTEMA,TANK SIZE 147L,FM-200,3.0,ANSUL,FM-200-SRL,"FM-200 Agent,",c/u.,2.0,453646,1
126,SISTEMATANK SIZE 147LFM-2001-4,True,SISTEMA,TANK SIZE 147L,FM-200,4.0,ANSUL,570055,"Gauge, Cylinder Valve FM-200",c/u.,1.0,570055,1
127,SISTEMATANK SIZE 147LFM-2001-5,True,SISTEMA,TANK SIZE 147L,FM-200,5.0,ANSUL,314205314,Label FM-200 32/106/147/180/343L UL/FM,c/u.,1.0,314205314,1
128,SISTEMATANK SIZE 147LFM-2001-6,True,SISTEMA,TANK SIZE 147L,FM-200,6.0,ANSUL,570585,Cylinder Low Pressure Switch,c/u.,1.0,570585,1
129,SISTEMATANK SIZE 147LFM-2001-7,True,SISTEMA,TANK SIZE 147L,FM-200,7.0,ANSUL,304205030,Electric Actuator Shipping Assembly,c/u.,1.0,304205030,1
130,SISTEMATANK SIZE 147LFM-2001-8,True,SISTEMA,TANK SIZE 147L,FM-200,8.0,ANSUL,A1638150HY,Local Manual Actuator,c/u.,1.0,A1638150HY,1
131,SISTEMATANK SIZE 147LFM-2001-9,True,SISTEMA,TANK SIZE 147L,FM-200,9.0,ANSUL,570092-R2,"Tank Bracket Assembly (Fits 140, 280, 390 & 450 lb. Tanks)",c/u.,2.0,570092-R2,1
132,SISTEMATANK SIZE 147LFM-2001-10,True,SISTEMA,TANK SIZE 147L,FM-200,10.0,ANSUL,17549OK,"Nozzle, según memoria de calculo",c/u.,1.0,NOZ. 147L,1
133,SISTEMATANK SIZE 147LFM-2001-11,True,SISTEMA,TANK SIZE 147L,FM-200,11.0,ANSUL,442927-R2,"NAMEPLATE, FM200, DO NOT ENTER",c/u.,1.0,442927-R2,1
134,SISTEMATANK SIZE 147LFM-2001-12,True,SISTEMA,TANK SIZE 147L,FM-200,12.0,ANSUL,442928-R2,"NAMEPLATE, FM200, PROTECTED,",c/u.,1.0,442928-R2,1
135,SISTEMATANK SIZE 147LFM-2001-13,True,SISTEMA,TANK SIZE 147L,FM-200,13.0,ANSUL,570558,"Single-Tank Swivel Adaptor, 2 in.  (P/N 309002017)",c/u.,1.0,570558,1
136,SISTEMATANK SIZE 147LFM-2001-14,True,SISTEMA,TANK SIZE 147L,FM-200,14.0,,,,,,0,1
137,SISTEMATANK SIZE 147LFM-2001-15,True,SISTEMA,TANK SIZE 147L,FM-200,15.0,ANSUL,437900,"Switch, Pressure, 3PDT",c/u.,1.0,437900,1
138,SISTEMATANK SIZE 147LFM-2001-16,True,SISTEMA,TANK SIZE 147L,FM-200,16.0,ANSUL,415142,"Acutation Hose, 32 in., 1/4 in. NPT x 7/16-20 in. F Flare",c/u.,1.0,415142,1
139,SISTEMATANK SIZE 147LFM-2001-17,True,SISTEMA,TANK SIZE 147L,FM-200,17.0,ANSUL,32338,"Male Straight Connector, 7/16 - 20 x 1/4 in. NPT",c/u.,1.0,32338,1
141,OPCIONALTANK SIZE 147LFM-2001-1,True,OPCIONAL,TANK SIZE 147L,FM-200,1.0,ANSUL,570538-R2,"Flexible Discharge Hose, 2 in.",c/u.,1.0,570538-R2,1
142,OPCIONALTANK SIZE 147LFM-2001-2,True,OPCIONAL,TANK SIZE 147L,FM-200,2.0,ANSUL,437900,"Switch, Pressure, 3PDT",c/u.,1.0,437900,1
143,OPCIONALTANK SIZE 147LFM-2001-3,True,OPCIONAL,TANK SIZE 147L,FM-200,3.0,ANSUL,415142,"Acutation Hose, 32 in., 1/4 in. NPT x 7/16-20 in. F Flare",c/u.,1.0,415142,1
144,OPCIONALTANK SIZE 147LFM-2001-4,True,OPCIONAL,TANK SIZE 147L,FM-200,4.0,ANSUL,32338,"Male Straight Connector, 7/16 - 20 x 1/4 in. NPT",c/u.,1.0,32338,1
145,OPCIONALTANK SIZE 147LFM-2001-5,True,OPCIONAL,TANK SIZE 147L,FM-200,5.0,ANSUL,76498,"Switch, Maintenance, Surface Mount",c/u.,1.0,76498,1
146,OPCIONALTANK SIZE 147LFM-2001-6,True,OPCIONAL,TANK SIZE 147L,FM-200,6.0,ANSUL,570278,"Liquid Level Indicator (For 390 & 850 lb. Tanks), 43 in.",c/u.,1.0,570278,1
148,SISTEMATANK SIZE 180LFM-2001-1,True,SISTEMA,TANK SIZE 180L,FM-200,1.0,ANSUL,AGLIMP-RECARGA-00,SERVICIO DE CARGA DE AGENTE 180L,c/u.,1.0,180L CARGA,1
149,SISTEMATANK SIZE 180LFM-2001-2,True,SISTEMA,TANK SIZE 180L,FM-200,2.0,ANSUL,445738,"TANK SIZE 180L, Fill: 199-396 lb.",c/u.,1.0,445738,1
150,SISTEMATANK SIZE 180LFM-2001-3,True,SISTEMA,TANK SIZE 180L,FM-200,3.0,ANSUL,FM-200-SRL,"FM-200 Agent,",c/u.,2.0,453646,1
151,SISTEMATANK SIZE 180LFM-2001-4,True,SISTEMA,TANK SIZE 180L,FM-200,4.0,ANSUL,570055,"Gauge, Cylinder Valve FM-200",c/u.,1.0,570055,1
152,SISTEMATANK SIZE 180LFM-2001-5,True,SISTEMA,TANK SIZE 180L,FM-200,5.0,ANSUL,314205314,Label FM-200 32/106/147/180/343L UL/FM,c/u.,1.0,314205314,1
153,SISTEMATANK SIZE 180LFM-2001-6,True,SISTEMA,TANK SIZE 180L,FM-200,6.0,ANSUL,570585,Cylinder Low Pressure Switch,c/u.,1.0,570585,1
154,SISTEMATANK SIZE 180LFM-2001-7,True,SISTEMA,TANK SIZE 180L,FM-200,7.0,ANSUL,304205030,Electric Actuator Shipping Assembly,c/u.,1.0,304205030,1
155,SISTEMATANK SIZE 180LFM-2001-8,True,SISTEMA,TANK SIZE 180L,FM-200,8.0,ANSUL,A1638150HY,Local Manual Actuator,c/u.,1.0,A1638150HY,1
156,SISTEMATANK SIZE 180LFM-2001-9,True,SISTEMA,TANK SIZE 180L,FM-200,9.0,ANSUL,570092-R2,"Tank Bracket Assembly (Fits 140, 280, 390 & 450 lb. Tanks)",c/u.,2.0,570092-R2,1
157,SISTEMATANK SIZE 180LFM-2001-10,True,SISTEMA,TANK SIZE 180L,FM-200,10.0,ANSUL,17549OK,"Nozzle, según memoria de calculo",c/u.,1.0,NOZ. 180L,1
158,SISTEMATANK SIZE 180LFM-2001-11,True,SISTEMA,TANK SIZE 180L,FM-200,11.0,ANSUL,442927-R2,"NAMEPLATE, FM200, DO NOT ENTER",c/u.,1.0,442927-R2,1
159,SISTEMATANK SIZE 180LFM-2001-12,True,SISTEMA,TANK SIZE 180L,FM-200,12.0,ANSUL,442928-R2,"NAMEPLATE, FM200, PROTECTED,",c/u.,1.0,442928-R2,1
160,SISTEMATANK SIZE 180LFM-2001-13,True,SISTEMA,TANK SIZE 180L,FM-200,13.0,ANSUL,570558,"Single-Tank Swivel Adaptor, 2 in.  (P/N 309002017)",c/u.,1.0,570558,1
161,SISTEMATANK SIZE 180LFM-2001-14,True,SISTEMA,TANK SIZE 180L,FM-200,14.0,,,,,,0,1
162,SISTEMATANK SIZE 180LFM-2001-15,True,SISTEMA,TANK SIZE 180L,FM-200,15.0,ANSUL,437900,"Switch, Pressure, 3PDT",c/u.,1.0,437900,1
163,SISTEMATANK SIZE 180LFM-2001-16,True,SISTEMA,TANK SIZE 180L,FM-200,16.0,ANSUL,415142,"Acutation Hose, 32 in., 1/4 in. NPT x 7/16-20 in. F Flare",c/u.,1.0,415142,1
164,SISTEMATANK SIZE 180LFM-2001-17,True,SISTEMA,TANK SIZE 180L,FM-200,17.0,ANSUL,32338,"Male Straight Connector, 7/16 - 20 x 1/4 in. NPT",c/u.,1.0,32338,1
166,OPCIONALTANK SIZE 180LFM-2001-1,True,OPCIONAL,TANK SIZE 180L,FM-200,1.0,ANSUL,570538-R2,"Flexible Discharge Hose, 2 in.",c/u.,1.0,570538-R2,1
167,OPCIONALTANK SIZE 180LFM-2001-2,True,OPCIONAL,TANK SIZE 180L,FM-200,2.0,ANSUL,437900,"Switch, Pressure, 3PDT",c/u.,1.0,437900,1
168,OPCIONALTANK SIZE 180LFM-2001-3,True,OPCIONAL,TANK SIZE 180L,FM-200,3.0,ANSUL,415142,"Acutation Hose, 32 in., 1/4 in. NPT x 7/16-20 in. F Flare",c/u.,1.0,415142,1
169,OPCIONALTANK SIZE 180LFM-2001-4,True,OPCIONAL,TANK SIZE 180L,FM-200,4.0,ANSUL,32338,"Male Straight Connector, 7/16 - 20 x 1/4 in. NPT",c/u.,1.0,32338,1
170,OPCIONALTANK SIZE 180LFM-2001-5,True,OPCIONAL,TANK SIZE 180L,FM-200,5.0,ANSUL,76498,"Switch, Maintenance, Surface Mount",c/u.,1.0,76498,1
171,OPCIONALTANK SIZE 180LFM-2001-6,True,OPCIONAL,TANK SIZE 180L,FM-200,6.0,ANSUL,570278,"Liquid Level Indicator (For 390 & 850 lb. Tanks), 43 in.",c/u.,1.0,570278,1
173,SISTEMATANK SIZE 343LFM-2001-1,True,SISTEMA,TANK SIZE 343L,FM-200,1.0,ANSUL,AGLIMP-RECARGA-00,SERVICIO DE CARGA DE AGENTE 343L,c/u.,1.0,343L CARGA,1
174,SISTEMATANK SIZE 343LFM-2001-2,True,SISTEMA,TANK SIZE 343L,FM-200,2.0,ANSUL,445739,"TANK SIZE 343L, Fill: 379-756 lb.",c/u.,1.0,445739,1
175,SISTEMATANK SIZE 343LFM-2001-3,True,SISTEMA,TANK SIZE 343L,FM-200,3.0,ANSUL,FM-200-SRL,"FM-200 Agent,",c/u.,2.0,453646,1
176,SISTEMATANK SIZE 343LFM-2001-4,True,SISTEMA,TANK SIZE 343L,FM-200,4.0,ANSUL,570055,"Gauge, Cylinder Valve FM-200",c/u.,1.0,570055,1
177,SISTEMATANK SIZE 343LFM-2001-5,True,SISTEMA,TANK SIZE 343L,FM-200,5.0,ANSUL,314205314,Label FM-200 32/106/147/180/343L UL/FM,c/u.,1.0,314205314,1
178,SISTEMATANK SIZE 343LFM-2001-6,True,SISTEMA,TANK SIZE 343L,FM-200,6.0,ANSUL,570585,Cylinder Low Pressure Switch,c/u.,1.0,570585,1
179,SISTEMATANK SIZE 343LFM-2001-7,True,SISTEMA,TANK SIZE 343L,FM-200,7.0,ANSUL,304205030,Electric Actuator Shipping Assembly,c/u.,1.0,304205030,1
180,SISTEMATANK SIZE 343LFM-2001-8,True,SISTEMA,TANK SIZE 343L,FM-200,8.0,ANSUL,A1638150HY,Local Manual Actuator,c/u.,1.0,A1638150HY,1
181,SISTEMATANK SIZE 343LFM-2001-9,True,SISTEMA,TANK SIZE 343L,FM-200,9.0,ANSUL,570336-R2,Tank Bracket Assembly (Fits 850 lb. Tank),c/u.,2.0,570336-R2,1
182,SISTEMATANK SIZE 343LFM-2001-10,True,SISTEMA,TANK SIZE 343L,FM-200,10.0,ANSUL,17549OK,"Nozzle, según memoria de calculo",c/u.,1.0,NOZ. 343L,1
183,SISTEMATANK SIZE 343LFM-2001-11,True,SISTEMA,TANK SIZE 343L,FM-200,11.0,ANSUL,442927-R2,"NAMEPLATE, FM200, DO NOT ENTER",c/u.,1.0,442927-R2,1
184,SISTEMATANK SIZE 343LFM-2001-12,True,SISTEMA,TANK SIZE 343L,FM-200,12.0,ANSUL,442928-R2,"NAMEPLATE, FM200, PROTECTED,",c/u.,1.0,442928-R2,1
185,SISTEMATANK SIZE 343LFM-2001-13,True,SISTEMA,TANK SIZE 343L,FM-200,13.0,ANSUL,69471,"Single-Tank Swivel Adaptor, 3 in. Flare to 3 in. Grooved",c/u.,1.0,69471,1
186,SISTEMATANK SIZE 343LFM-2001-14,True,SISTEMA,TANK SIZE 343L,FM-200,14.0,,,,,,0,1
187,SISTEMATANK SIZE 343LFM-2001-15,True,SISTEMA,TANK SIZE 343L,FM-200,15.0,ANSUL,437900,"Switch, Pressure, 3PDT",c/u.,1.0,437900,1
188,SISTEMATANK SIZE 343LFM-2001-16,True,SISTEMA,TANK SIZE 343L,FM-200,16.0,ANSUL,430815,"Acutation Hose, 42 in., 1/4 in. NPT x 7/16-20 in. F Flare",c/u.,1.0,430815,1
189,SISTEMATANK SIZE 343LFM-2001-17,True,SISTEMA,TANK SIZE 343L,FM-200,17.0,ANSUL,32338,"Male Straight Connector, 7/16 - 20 x 1/4 in. NPT",c/u.,1.0,32338,1
191,OPCIONALTANK SIZE 343LFM-2001-1,True,OPCIONAL,TANK SIZE 343L,FM-200,1.0,ANSUL,437900,"Switch, Pressure, 3PDT",c/u.,1.0,437900,1
192,OPCIONALTANK SIZE 343LFM-2001-2,True,OPCIONAL,TANK SIZE 343L,FM-200,2.0,ANSUL,430815,"Acutation Hose, 42 in., 1/4 in. NPT x 7/16-20 in. F Flare",c/u.,1.0,430815,1
193,OPCIONALTANK SIZE 343LFM-2001-3,True,OPCIONAL,TANK SIZE 343L,FM-200,3.0,ANSUL,32338,"Male Straight Connector, 7/16 - 20 x 1/4 in. NPT",c/u.,1.0,32338,1
194,OPCIONALTANK SIZE 343LFM-2001-4,True,OPCIONAL,TANK SIZE 343L,FM-200,4.0,ANSUL,76498,"Switch, Maintenance, Surface Mount",c/u.,1.0,76498,1
195,OPCIONALTANK SIZE 343LFM-2001-5,True,OPCIONAL,TANK SIZE 343L,FM-200,5.0,ANSUL,570278,"Liquid Level Indicator (For 390 & 850 lb. Tanks), 43 in.",c/u.,1.0,570278,1
196,OPCIONALTANK SIZE 343LFM-2001-6,True,OPCIONAL,TANK SIZE 343L,FM-200,6.0,ANSUL,452162,"CHECK VALVE, 3"", W/ ADAPTOR ASSY",c/u.,1.0,452162,1
197,OPCIONALTANK SIZE 343LFM-2001-7,True,OPCIONAL,TANK SIZE 343L,FM-200,7.0,ANSUL,69990,"3"" Flexible Hose ASM",c/u.,1.0,69990,1
198,OPCIONALTANK SIZE 343LFM-2001-8,True,OPCIONAL,TANK SIZE 343L,FM-200,8.0,ANSUL,69841,"Discharge Hose/Check Valve Assembly, 3 in.",c/u.,1.0,69841,1
200,SISTEMATANK SIZE 8LFK-5-1-121-1,True,SISTEMA,TANK SIZE 8L,FK-5-1-12,1.0,ANSUL,AGLIMP-RECARGA-00,SERVICIO DE CARGA DE AGENTE 8L,c/u.,1.0,8L CARGA,1
201,SISTEMATANK SIZE 8LFK-5-1-121-2,True,SISTEMA,TANK SIZE 8L,FK-5-1-12,2.0,ANSUL,445732,"TANK SIZE 8L, Fill: 9-21 lb.",c/u.,1.0,445732,1
202,SISTEMATANK SIZE 8LFK-5-1-121-3,True,SISTEMA,TANK SIZE 8L,FK-5-1-12,3.0,ANSUL,FK-5-1-12,FK-5-1-12  FLUID FACTORY FILL PER L,c/u.,2.0,FK-5-1-12,1
203,SISTEMATANK SIZE 8LFK-5-1-121-4,True,SISTEMA,TANK SIZE 8L,FK-5-1-12,4.0,ANSUL,302207021,"Pressure Gauge, FK-5-1-12",c/u.,1.0,302207021,1
204,SISTEMATANK SIZE 8LFK-5-1-121-5,True,SISTEMA,TANK SIZE 8L,FK-5-1-12,5.0,ANSUL,314207207,SAPPHIRE Label 8/16/52L UL/FM,c/u.,1.0,314207207,1
205,SISTEMATANK SIZE 8LFK-5-1-121-6,True,SISTEMA,TANK SIZE 8L,FK-5-1-12,6.0,ANSUL,570585,Cylinder Low Pressure Switch,c/u.,1.0,570585,1
206,SISTEMATANK SIZE 8LFK-5-1-121-7,True,SISTEMA,TANK SIZE 8L,FK-5-1-12,7.0,ANSUL,304205030,Electric Actuator Shipping Assembly,c/u.,1.0,304205030,1
207,SISTEMATANK SIZE 8LFK-5-1-121-8,True,SISTEMA,TANK SIZE 8L,FK-5-1-12,8.0,ANSUL,A1638150HY,Local Manual Actuator,c/u.,1.0,A1638150HY,1
208,SISTEMATANK SIZE 8LFK-5-1-121-9,True,SISTEMA,TANK SIZE 8L,FK-5-1-12,9.0,ANSUL,570085-R2,"Tank Bracket Assembly (Fits 20, 50 & 90 lb. Tanks)",c/u.,1.0,570085-R2,1
209,SISTEMATANK SIZE 8LFK-5-1-121-10,True,SISTEMA,TANK SIZE 8L,FK-5-1-12,10.0,ANSUL,17549OK,"Nozzle, según memoria de calculo",c/u.,1.0,NOZ. 8L,1
210,SISTEMATANK SIZE 8LFK-5-1-121-11,True,SISTEMA,TANK SIZE 8L,FK-5-1-12,11.0,ANSUL,314207101-R2,DOOR NOTICE (LESS THAN NOAEL),c/u.,1.0,314207101-R2,1
211,SISTEMATANK SIZE 8LFK-5-1-121-12,True,SISTEMA,TANK SIZE 8L,FK-5-1-12,12.0,ANSUL,314207103-R2,MANUAL RELEASE SIGN,c/u.,1.0,314207103-R2,1
212,SISTEMATANK SIZE 8LFK-5-1-121-13,True,SISTEMA,TANK SIZE 8L,FK-5-1-12,13.0,ANSUL,570557,"Single-Tank Swivel Adaptor, 1 in. (P/N 309002016)",c/u.,1.0,570557,1
213,SISTEMATANK SIZE 8LFK-5-1-121-14,True,SISTEMA,TANK SIZE 8L,FK-5-1-12,14.0,,,,,,0,1
214,SISTEMATANK SIZE 8LFK-5-1-121-15,True,SISTEMA,TANK SIZE 8L,FK-5-1-12,15.0,ANSUL,437900,"Switch, Pressure, 3PDT",c/u.,1.0,437900,1
215,SISTEMATANK SIZE 8LFK-5-1-121-16,True,SISTEMA,TANK SIZE 8L,FK-5-1-12,16.0,ANSUL,73597,"Acutation Hose, 16 in., 1/4 in. NPT x 7/16-20 in. F Flare",c/u.,1.0,73597,1
216,SISTEMATANK SIZE 8LFK-5-1-121-17,True,SISTEMA,TANK SIZE 8L,FK-5-1-12,17.0,ANSUL,32338,"Male Straight Connector, 7/16 - 20 x 1/4 in. NPT",c/u.,1.0,32338,1
218,OPCIONALTANK SIZE 8LFK-5-1-121-1,True,OPCIONAL,TANK SIZE 8L,FK-5-1-12,1.0,ANSUL,570539-R2,"Flexible Discharge Hose, 1 in.",c/u.,1.0,570539-R2,1
219,OPCIONALTANK SIZE 8LFK-5-1-121-2,True,OPCIONAL,TANK SIZE 8L,FK-5-1-12,2.0,ANSUL,437900,"Switch, Pressure, 3PDT",c/u.,1.0,437900,1
220,OPCIONALTANK SIZE 8LFK-5-1-121-3,True,OPCIONAL,TANK SIZE 8L,FK-5-1-12,3.0,ANSUL,73597,"Acutation Hose, 16 in., 1/4 in. NPT x 7/16-20 in. F Flare",c/u.,1.0,73597,1
221,OPCIONALTANK SIZE 8LFK-5-1-121-4,True,OPCIONAL,TANK SIZE 8L,FK-5-1-12,4.0,ANSUL,32338,"Male Straight Connector, 7/16 - 20 x 1/4 in. NPT",c/u.,1.0,32338,1
222,OPCIONALTANK SIZE 8LFK-5-1-121-5,True,OPCIONAL,TANK SIZE 8L,FK-5-1-12,5.0,ANSUL,76498,"Switch, Maintenance, Surface Mount",c/u.,1.0,76498,1
224,SISTEMATANK SIZE 16LFK-5-1-121-1,True,SISTEMA,TANK SIZE 16L,FK-5-1-12,1.0,ANSUL,AGLIMP-RECARGA-00,SERVICIO DE CARGA DE AGENTE 16L,c/u.,1.0,16L CARGA,1
225,SISTEMATANK SIZE 16LFK-5-1-121-2,True,SISTEMA,TANK SIZE 16L,FK-5-1-12,2.0,ANSUL,445733,"TANK SIZE 16L, Fill: 18 - 42 lbs.",c/u.,1.0,445733,1
226,SISTEMATANK SIZE 16LFK-5-1-121-3,True,SISTEMA,TANK SIZE 16L,FK-5-1-12,3.0,ANSUL,FK-5-1-12,FK-5-1-12  FLUID FACTORY FILL PER L,c/u.,2.0,FK-5-1-12,1
227,SISTEMATANK SIZE 16LFK-5-1-121-4,True,SISTEMA,TANK SIZE 16L,FK-5-1-12,4.0,ANSUL,302207021,"Pressure Gauge, FK-5-1-12",c/u.,1.0,302207021,1
228,SISTEMATANK SIZE 16LFK-5-1-121-5,True,SISTEMA,TANK SIZE 16L,FK-5-1-12,5.0,ANSUL,314207207,SAPPHIRE Label 8/16/52L UL/FM,c/u.,1.0,314207207,1
229,SISTEMATANK SIZE 16LFK-5-1-121-6,True,SISTEMA,TANK SIZE 16L,FK-5-1-12,6.0,ANSUL,570585,Cylinder Low Pressure Switch,c/u.,1.0,570585,1
230,SISTEMATANK SIZE 16LFK-5-1-121-7,True,SISTEMA,TANK SIZE 16L,FK-5-1-12,7.0,ANSUL,304205030,Electric Actuator Shipping Assembly,c/u.,1.0,304205030,1
231,SISTEMATANK SIZE 16LFK-5-1-121-8,True,SISTEMA,TANK SIZE 16L,FK-5-1-12,8.0,ANSUL,A1638150HY,Local Manual Actuator,c/u.,1.0,A1638150HY,1
232,SISTEMATANK SIZE 16LFK-5-1-121-9,True,SISTEMA,TANK SIZE 16L,FK-5-1-12,9.0,ANSUL,570085-R2,"Tank Bracket Assembly (Fits 20, 50 & 90 lb. Tanks)",c/u.,2.0,570085-R2,1
233,SISTEMATANK SIZE 16LFK-5-1-121-10,True,SISTEMA,TANK SIZE 16L,FK-5-1-12,10.0,ANSUL,17549OK,"Nozzle, según memoria de calculo",c/u.,1.0,NOZ. 16L,1
234,SISTEMATANK SIZE 16LFK-5-1-121-11,True,SISTEMA,TANK SIZE 16L,FK-5-1-12,11.0,ANSUL,314207101-R2,DOOR NOTICE (LESS THAN NOAEL),c/u.,1.0,314207101-R2,1
235,SISTEMATANK SIZE 16LFK-5-1-121-12,True,SISTEMA,TANK SIZE 16L,FK-5-1-12,12.0,ANSUL,314207103-R2,MANUAL RELEASE SIGN,c/u.,1.0,314207103-R2,1
236,SISTEMATANK SIZE 16LFK-5-1-121-13,True,SISTEMA,TANK SIZE 16L,FK-5-1-12,13.0,ANSUL,570557,"Single-Tank Swivel Adaptor, 1 in. (P/N 309002016)",c/u.,1.0,570557,1
237,SISTEMATANK SIZE 16LFK-5-1-121-14,True,SISTEMA,TANK SIZE 16L,FK-5-1-12,14.0,,,,,,0,1
238,SISTEMATANK SIZE 16LFK-5-1-121-15,True,SISTEMA,TANK SIZE 16L,FK-5-1-12,15.0,ANSUL,437900,"Switch, Pressure, 3PDT",c/u.,1.0,437900,1
239,SISTEMATANK SIZE 16LFK-5-1-121-16,True,SISTEMA,TANK SIZE 16L,FK-5-1-12,16.0,ANSUL,73597,"Acutation Hose, 16 in., 1/4 in. NPT x 7/16-20 in. F Flare",c/u.,1.0,73597,1
240,SISTEMATANK SIZE 16LFK-5-1-121-17,True,SISTEMA,TANK SIZE 16L,FK-5-1-12,17.0,ANSUL,32338,"Male Straight Connector, 7/16 - 20 x 1/4 in. NPT",c/u.,1.0,32338,1
242,OPCIONALTANK SIZE 16LFK-5-1-121-1,True,OPCIONAL,TANK SIZE 16L,FK-5-1-12,1.0,ANSUL,570539-R2,"Flexible Discharge Hose, 1 in.",c/u.,1.0,570539-R2,1
243,OPCIONALTANK SIZE 16LFK-5-1-121-2,True,OPCIONAL,TANK SIZE 16L,FK-5-1-12,2.0,ANSUL,437900,"Switch, Pressure, 3PDT",c/u.,1.0,437900,1
244,OPCIONALTANK SIZE 16LFK-5-1-121-3,True,OPCIONAL,TANK SIZE 16L,FK-5-1-12,3.0,ANSUL,73597,"Acutation Hose, 16 in., 1/4 in. NPT x 7/16-20 in. F Flare",c/u.,1.0,73597,1
245,OPCIONALTANK SIZE 16LFK-5-1-121-4,True,OPCIONAL,TANK SIZE 16L,FK-5-1-12,4.0,ANSUL,32338,"Male Straight Connector, 7/16 - 20 x 1/4 in. NPT",c/u.,1.0,32338,1
246,OPCIONALTANK SIZE 16LFK-5-1-121-5,True,OPCIONAL,TANK SIZE 16L,FK-5-1-12,5.0,ANSUL,76498,"Switch, Maintenance, Surface Mount",c/u.,1.0,76498,1
248,SISTEMATANK SIZE 32LFK-5-1-121-1,True,SISTEMA,TANK SIZE 32L,FK-5-1-12,1.0,ANSUL,AGLIMP-RECARGA-00,SERVICIO DE CARGA DE AGENTE 32L,c/u.,1.0,32L CARGA,1
249,SISTEMATANK SIZE 32LFK-5-1-121-2,True,SISTEMA,TANK SIZE 32L,FK-5-1-12,2.0,ANSUL,445734,"TANK SIZE 32L, Fill: 36 - 84 lbs.",c/u.,1.0,445734,1
250,SISTEMATANK SIZE 32LFK-5-1-121-3,True,SISTEMA,TANK SIZE 32L,FK-5-1-12,3.0,ANSUL,FK-5-1-12,FK-5-1-12  FLUID FACTORY FILL PER L,c/u.,2.0,FK-5-1-12,1
251,SISTEMATANK SIZE 32LFK-5-1-121-4,True,SISTEMA,TANK SIZE 32L,FK-5-1-12,4.0,ANSUL,302207021,"Pressure Gauge, FK-5-1-12",c/u.,1.0,302207021,1
252,SISTEMATANK SIZE 32LFK-5-1-121-5,True,SISTEMA,TANK SIZE 32L,FK-5-1-12,5.0,ANSUL,314207329,SAPPHIRE Label 32/106 a 343L UL/FM,c/u.,1.0,314207329,1
253,SISTEMATANK SIZE 32LFK-5-1-121-6,True,SISTEMA,TANK SIZE 32L,FK-5-1-12,6.0,ANSUL,570585,Cylinder Low Pressure Switch,c/u.,1.0,570585,1
254,SISTEMATANK SIZE 32LFK-5-1-121-7,True,SISTEMA,TANK SIZE 32L,FK-5-1-12,7.0,ANSUL,304205030,Electric Actuator Shipping Assembly,c/u.,1.0,304205030,1
255,SISTEMATANK SIZE 32LFK-5-1-121-8,True,SISTEMA,TANK SIZE 32L,FK-5-1-12,8.0,ANSUL,A1638150HY,Local Manual Actuator,c/u.,1.0,A1638150HY,1
256,SISTEMATANK SIZE 32LFK-5-1-121-9,True,SISTEMA,TANK SIZE 32L,FK-5-1-12,9.0,ANSUL,570085-R2,"Tank Bracket Assembly (Fits 20, 50 & 90 lb. Tanks)",c/u.,2.0,570085-R2,1
257,SISTEMATANK SIZE 32LFK-5-1-121-10,True,SISTEMA,TANK SIZE 32L,FK-5-1-12,10.0,ANSUL,17549OK,"Nozzle, según memoria de calculo",c/u.,1.0,NOZ. 32L,1
258,SISTEMATANK SIZE 32LFK-5-1-121-11,True,SISTEMA,TANK SIZE 32L,FK-5-1-12,11.0,ANSUL,314207101-R2,DOOR NOTICE (LESS THAN NOAEL),c/u.,1.0,314207101-R2,1
259,SISTEMATANK SIZE 32LFK-5-1-121-12,True,SISTEMA,TANK SIZE 32L,FK-5-1-12,12.0,ANSUL,314207103-R2,MANUAL RELEASE SIGN,c/u.,1.0,314207103-R2,1
260,SISTEMATANK SIZE 32LFK-5-1-121-13,True,SISTEMA,TANK SIZE 32L,FK-5-1-12,13.0,ANSUL,570557,"Single-Tank Swivel Adaptor, 1 in. (P/N 309002016)",c/u.,1.0,570557,1
261,SISTEMATANK SIZE 32LFK-5-1-121-14,True,SISTEMA,TANK SIZE 32L,FK-5-1-12,14.0,,,,,,0,1
262,SISTEMATANK SIZE 32LFK-5-1-121-15,True,SISTEMA,TANK SIZE 32L,FK-5-1-12,15.0,ANSUL,437900,"Switch, Pressure, 3PDT",c/u.,1.0,437900,1
263,SISTEMATANK SIZE 32LFK-5-1-121-16,True,SISTEMA,TANK SIZE 32L,FK-5-1-12,16.0,ANSUL,73597,"Acutation Hose, 16 in., 1/4 in. NPT x 7/16-20 in. F Flare",c/u.,1.0,73597,1
264,SISTEMATANK SIZE 32LFK-5-1-121-17,True,SISTEMA,TANK SIZE 32L,FK-5-1-12,17.0,ANSUL,32338,"Male Straight Connector, 7/16 - 20 x 1/4 in. NPT",c/u.,1.0,32338,1
266,OPCIONALTANK SIZE 32LFK-5-1-121-1,True,OPCIONAL,TANK SIZE 32L,FK-5-1-12,1.0,ANSUL,570539-R2,"Flexible Discharge Hose, 1 in.",c/u.,1.0,570539-R2,1
267,OPCIONALTANK SIZE 32LFK-5-1-121-2,True,OPCIONAL,TANK SIZE 32L,FK-5-1-12,2.0,ANSUL,437900,"Switch, Pressure, 3PDT",c/u.,1.0,437900,1
268,OPCIONALTANK SIZE 32LFK-5-1-121-3,True,OPCIONAL,TANK SIZE 32L,FK-5-1-12,3.0,ANSUL,73597,"Acutation Hose, 16 in., 1/4 in. NPT x 7/16-20 in. F Flare",c/u.,1.0,73597,1
269,OPCIONALTANK SIZE 32LFK-5-1-121-4,True,OPCIONAL,TANK SIZE 32L,FK-5-1-12,4.0,ANSUL,32338,"Male Straight Connector, 7/16 - 20 x 1/4 in. NPT",c/u.,1.0,32338,1
270,OPCIONALTANK SIZE 32LFK-5-1-121-5,True,OPCIONAL,TANK SIZE 32L,FK-5-1-12,5.0,ANSUL,76498,"Switch, Maintenance, Surface Mount",c/u.,1.0,76498,1
272,SISTEMATANK SIZE 52LFK-5-1-121-1,True,SISTEMA,TANK SIZE 52L,FK-5-1-12,1.0,ANSUL,AGLIMP-RECARGA-00,SERVICIO DE CARGA DE AGENTE 52L,c/u.,1.0,52L CARGA,1
273,SISTEMATANK SIZE 52LFK-5-1-121-2,True,SISTEMA,TANK SIZE 52L,FK-5-1-12,2.0,ANSUL,445735,"TANK SIZE 52L, Fill: 58-137 lb.",c/u.,1.0,445735,1
274,SISTEMATANK SIZE 52LFK-5-1-121-3,True,SISTEMA,TANK SIZE 52L,FK-5-1-12,3.0,ANSUL,FK-5-1-12,FK-5-1-12  FLUID FACTORY FILL PER L,c/u.,2.0,FK-5-1-12,1
275,SISTEMATANK SIZE 52LFK-5-1-121-4,True,SISTEMA,TANK SIZE 52L,FK-5-1-12,4.0,ANSUL,302207021,"Pressure Gauge, FK-5-1-12",c/u.,1.0,302207021,1
276,SISTEMATANK SIZE 52LFK-5-1-121-5,True,SISTEMA,TANK SIZE 52L,FK-5-1-12,5.0,ANSUL,314207207,SAPPHIRE Label 8/16/52L UL/FM,c/u.,1.0,314207207,1
277,SISTEMATANK SIZE 52LFK-5-1-121-6,True,SISTEMA,TANK SIZE 52L,FK-5-1-12,6.0,ANSUL,570585,Cylinder Low Pressure Switch,c/u.,1.0,570585,1
278,SISTEMATANK SIZE 52LFK-5-1-121-7,True,SISTEMA,TANK SIZE 52L,FK-5-1-12,7.0,ANSUL,304205030,Electric Actuator Shipping Assembly,c/u.,1.0,304205030,1
279,SISTEMATANK SIZE 52LFK-5-1-121-8,True,SISTEMA,TANK SIZE 52L,FK-5-1-12,8.0,ANSUL,A1638150HY,Local Manual Actuator,c/u.,1.0,A1638150HY,1
280,SISTEMATANK SIZE 52LFK-5-1-121-9,True,SISTEMA,TANK SIZE 52L,FK-5-1-12,9.0,ANSUL,570092-R2,"Tank Bracket Assembly (Fits 140, 280, 390 & 450 lb. Tanks)",c/u.,2.0,570092-R2,1
281,SISTEMATANK SIZE 52LFK-5-1-121-10,True,SISTEMA,TANK SIZE 52L,FK-5-1-12,10.0,ANSUL,17549OK,"Nozzle, según memoria de calculo",c/u.,1.0,NOZ. 52L,1
282,SISTEMATANK SIZE 52LFK-5-1-121-11,True,SISTEMA,TANK SIZE 52L,FK-5-1-12,11.0,ANSUL,314207101-R2,DOOR NOTICE (LESS THAN NOAEL),c/u.,1.0,314207101-R2,1
283,SISTEMATANK SIZE 52LFK-5-1-121-12,True,SISTEMA,TANK SIZE 52L,FK-5-1-12,12.0,ANSUL,314207103-R2,MANUAL RELEASE SIGN,c/u.,1.0,314207103-R2,1
284,SISTEMATANK SIZE 52LFK-5-1-121-13,True,SISTEMA,TANK SIZE 52L,FK-5-1-12,13.0,ANSUL,570558,"Single-Tank Swivel Adaptor, 2 in.  (P/N 309002017)",c/u.,1.0,570558,1
285,SISTEMATANK SIZE 52LFK-5-1-121-14,True,SISTEMA,TANK SIZE 52L,FK-5-1-12,14.0,,,,,,0,1
286,SISTEMATANK SIZE 52LFK-5-1-121-15,True,SISTEMA,TANK SIZE 52L,FK-5-1-12,15.0,ANSUL,437900,"Switch, Pressure, 3PDT",c/u.,1.0,437900,1
287,SISTEMATANK SIZE 52LFK-5-1-121-16,True,SISTEMA,TANK SIZE 52L,FK-5-1-12,16.0,ANSUL,415142,"Acutation Hose, 32 in., 1/4 in. NPT x 7/16-20 in. F Flare",c/u.,1.0,415142,1
288,SISTEMATANK SIZE 52LFK-5-1-121-17,True,SISTEMA,TANK SIZE 52L,FK-5-1-12,17.0,ANSUL,32338,"Male Straight Connector, 7/16 - 20 x 1/4 in. NPT",c/u.,1.0,32338,1
290,OPCIONALTANK SIZE 52LFK-5-1-121-1,True,OPCIONAL,TANK SIZE 52L,FK-5-1-12,1.0,ANSUL,570538-R2,"Flexible Discharge Hose, 2 in.",c/u.,1.0,570538-R2,1
291,OPCIONALTANK SIZE 52LFK-5-1-121-2,True,OPCIONAL,TANK SIZE 52L,FK-5-1-12,2.0,ANSUL,437900,"Switch, Pressure, 3PDT",c/u.,1.0,437900,1
292,OPCIONALTANK SIZE 52LFK-5-1-121-3,True,OPCIONAL,TANK SIZE 52L,FK-5-1-12,3.0,ANSUL,415142,"Acutation Hose, 32 in., 1/4 in. NPT x 7/16-20 in. F Flare",c/u.,1.0,415142,1
293,OPCIONALTANK SIZE 52LFK-5-1-121-4,True,OPCIONAL,TANK SIZE 52L,FK-5-1-12,4.0,ANSUL,32338,"Male Straight Connector, 7/16 - 20 x 1/4 in. NPT",c/u.,1.0,32338,1
294,OPCIONALTANK SIZE 52LFK-5-1-121-5,True,OPCIONAL,TANK SIZE 52L,FK-5-1-12,5.0,ANSUL,76498,"Switch, Maintenance, Surface Mount",c/u.,1.0,76498,1
296,SISTEMATANK SIZE 106LFK-5-1-121-1,True,SISTEMA,TANK SIZE 106L,FK-5-1-12,1.0,ANSUL,AGLIMP-RECARGA-00,SERVICIO DE CARGA DE AGENTE 106L,c/u.,1.0,106L CARGA,1
297,SISTEMATANK SIZE 106LFK-5-1-121-2,True,SISTEMA,TANK SIZE 106L,FK-5-1-12,2.0,ANSUL,445736,"TANK SIZE 106L, Fill: 117-280 lb.",c/u.,1.0,445736,1
298,SISTEMATANK SIZE 106LFK-5-1-121-3,True,SISTEMA,TANK SIZE 106L,FK-5-1-12,3.0,ANSUL,FK-5-1-12,FK-5-1-12  FLUID FACTORY FILL PER L,c/u.,2.0,FK-5-1-12,1
299,SISTEMATANK SIZE 106LFK-5-1-121-4,True,SISTEMA,TANK SIZE 106L,FK-5-1-12,4.0,ANSUL,302207021,"Pressure Gauge, FK-5-1-12",c/u.,1.0,302207021,1
300,SISTEMATANK SIZE 106LFK-5-1-121-5,True,SISTEMA,TANK SIZE 106L,FK-5-1-12,5.0,ANSUL,314207329,SAPPHIRE Label 32/106 a 343L UL/FM,c/u.,1.0,314207329,1
301,SISTEMATANK SIZE 106LFK-5-1-121-6,True,SISTEMA,TANK SIZE 106L,FK-5-1-12,6.0,ANSUL,570585,Cylinder Low Pressure Switch,c/u.,1.0,570585,1
302,SISTEMATANK SIZE 106LFK-5-1-121-7,True,SISTEMA,TANK SIZE 106L,FK-5-1-12,7.0,ANSUL,304205030,Electric Actuator Shipping Assembly,c/u.,1.0,304205030,1
303,SISTEMATANK SIZE 106LFK-5-1-121-8,True,SISTEMA,TANK SIZE 106L,FK-5-1-12,8.0,ANSUL,A1638150HY,Local Manual Actuator,c/u.,1.0,A1638150HY,1
304,SISTEMATANK SIZE 106LFK-5-1-121-9,True,SISTEMA,TANK SIZE 106L,FK-5-1-12,9.0,ANSUL,570092-R2,"Tank Bracket Assembly (Fits 140, 280, 390 & 450 lb. Tanks)",c/u.,2.0,570092-R2,1
305,SISTEMATANK SIZE 106LFK-5-1-121-10,True,SISTEMA,TANK SIZE 106L,FK-5-1-12,10.0,ANSUL,17549OK,"Nozzle, según memoria de calculo",c/u.,1.0,NOZ. 106L,1
306,SISTEMATANK SIZE 106LFK-5-1-121-11,True,SISTEMA,TANK SIZE 106L,FK-5-1-12,11.0,ANSUL,314207101-R2,DOOR NOTICE (LESS THAN NOAEL),c/u.,1.0,314207101-R2,1
307,SISTEMATANK SIZE 106LFK-5-1-121-12,True,SISTEMA,TANK SIZE 106L,FK-5-1-12,12.0,ANSUL,314207103-R2,MANUAL RELEASE SIGN,c/u.,1.0,314207103-R2,1
308,SISTEMATANK SIZE 106LFK-5-1-121-13,True,SISTEMA,TANK SIZE 106L,FK-5-1-12,13.0,ANSUL,570558,"Single-Tank Swivel Adaptor, 2 in.  (P/N 309002017)",c/u.,1.0,570558,1
309,SISTEMATANK SIZE 106LFK-5-1-121-14,True,SISTEMA,TANK SIZE 106L,FK-5-1-12,14.0,,,,,,0,1
310,SISTEMATANK SIZE 106LFK-5-1-121-15,True,SISTEMA,TANK SIZE 106L,FK-5-1-12,15.0,ANSUL,437900,"Switch, Pressure, 3PDT",c/u.,1.0,437900,1
311,SISTEMATANK SIZE 106LFK-5-1-121-16,True,SISTEMA,TANK SIZE 106L,FK-5-1-12,16.0,ANSUL,415142,"Acutation Hose, 32 in., 1/4 in. NPT x 7/16-20 in. F Flare",c/u.,1.0,415142,1
312,SISTEMATANK SIZE 106LFK-5-1-121-17,True,SISTEMA,TANK SIZE 106L,FK-5-1-12,17.0,ANSUL,32338,"Male Straight Connector, 7/16 - 20 x 1/4 in. NPT",c/u.,1.0,32338,1
314,OPCIONALTANK SIZE 106LFK-5-1-121-1,True,OPCIONAL,TANK SIZE 106L,FK-5-1-12,1.0,ANSUL,570538-R2,"Flexible Discharge Hose, 2 in.",c/u.,1.0,570538-R2,1
315,OPCIONALTANK SIZE 106LFK-5-1-121-2,True,OPCIONAL,TANK SIZE 106L,FK-5-1-12,2.0,ANSUL,437900,"Switch, Pressure, 3PDT",c/u.,1.0,437900,1
316,OPCIONALTANK SIZE 106LFK-5-1-121-3,True,OPCIONAL,TANK SIZE 106L,FK-5-1-12,3.0,ANSUL,415142,"Acutation Hose, 32 in., 1/4 in. NPT x 7/16-20 in. F Flare",c/u.,1.0,415142,1
317,OPCIONALTANK SIZE 106LFK-5-1-121-4,True,OPCIONAL,TANK SIZE 106L,FK-5-1-12,4.0,ANSUL,32338,"Male Straight Connector, 7/16 - 20 x 1/4 in. NPT",c/u.,1.0,32338,1
318,OPCIONALTANK SIZE 106LFK-5-1-121-5,True,OPCIONAL,TANK SIZE 106L,FK-5-1-12,5.0,ANSUL,76498,"Switch, Maintenance, Surface Mount",c/u.,1.0,76498,1
319,OPCIONALTANK SIZE 106LFK-5-1-121-6,True,OPCIONAL,TANK SIZE 106L,FK-5-1-12,6.0,ANSUL,570277,"Liquid Level Indicator (For 280 lb. Tank), 32 in.",c/u.,1.0,570277,1
321,SISTEMATANK SIZE 147LFK-5-1-121-1,True,SISTEMA,TANK SIZE 147L,FK-5-1-12,1.0,ANSUL,AGLIMP-RECARGA-00,SERVICIO DE CARGA DE AGENTE 147L,c/u.,1.0,147L CARGA,1
322,SISTEMATANK SIZE 147LFK-5-1-121-2,True,SISTEMA,TANK SIZE 147L,FK-5-1-12,2.0,ANSUL,445737,"TANK SIZE 147L, Fill: 163-388 lb.",c/u.,1.0,445737,1
323,SISTEMATANK SIZE 147LFK-5-1-121-3,True,SISTEMA,TANK SIZE 147L,FK-5-1-12,3.0,ANSUL,FK-5-1-12,FK-5-1-12  FLUID FACTORY FILL PER L,c/u.,2.0,FK-5-1-12,1
324,SISTEMATANK SIZE 147LFK-5-1-121-4,True,SISTEMA,TANK SIZE 147L,FK-5-1-12,4.0,ANSUL,302207021,"Pressure Gauge, FK-5-1-12",c/u.,1.0,302207021,1
325,SISTEMATANK SIZE 147LFK-5-1-121-5,True,SISTEMA,TANK SIZE 147L,FK-5-1-12,5.0,ANSUL,314207329,SAPPHIRE Label 32/106 a 343L UL/FM,c/u.,1.0,314207329,1
326,SISTEMATANK SIZE 147LFK-5-1-121-6,True,SISTEMA,TANK SIZE 147L,FK-5-1-12,6.0,ANSUL,570585,Cylinder Low Pressure Switch,c/u.,1.0,570585,1
327,SISTEMATANK SIZE 147LFK-5-1-121-7,True,SISTEMA,TANK SIZE 147L,FK-5-1-12,7.0,ANSUL,304205030,Electric Actuator Shipping Assembly,c/u.,1.0,304205030,1
328,SISTEMATANK SIZE 147LFK-5-1-121-8,True,SISTEMA,TANK SIZE 147L,FK-5-1-12,8.0,ANSUL,A1638150HY,Local Manual Actuator,c/u.,1.0,A1638150HY,1
329,SISTEMATANK SIZE 147LFK-5-1-121-9,True,SISTEMA,TANK SIZE 147L,FK-5-1-12,9.0,ANSUL,570092-R2,"Tank Bracket Assembly (Fits 140, 280, 390 & 450 lb. Tanks)",c/u.,2.0,570092-R2,1
330,SISTEMATANK SIZE 147LFK-5-1-121-10,True,SISTEMA,TANK SIZE 147L,FK-5-1-12,10.0,ANSUL,17549OK,"Nozzle, según memoria de calculo",c/u.,1.0,NOZ. 147L,1
331,SISTEMATANK SIZE 147LFK-5-1-121-11,True,SISTEMA,TANK SIZE 147L,FK-5-1-12,11.0,ANSUL,314207101-R2,DOOR NOTICE (LESS THAN NOAEL),c/u.,1.0,314207101-R2,1
332,SISTEMATANK SIZE 147LFK-5-1-121-12,True,SISTEMA,TANK SIZE 147L,FK-5-1-12,12.0,ANSUL,314207103-R2,MANUAL RELEASE SIGN,c/u.,1.0,314207103-R2,1
333,SISTEMATANK SIZE 147LFK-5-1-121-13,True,SISTEMA,TANK SIZE 147L,FK-5-1-12,13.0,ANSUL,570558,"Single-Tank Swivel Adaptor, 2 in.  (P/N 309002017)",c/u.,1.0,570558,1
334,SISTEMATANK SIZE 147LFK-5-1-121-14,True,SISTEMA,TANK SIZE 147L,FK-5-1-12,14.0,,,,,,0,1
335,SISTEMATANK SIZE 147LFK-5-1-121-15,True,SISTEMA,TANK SIZE 147L,FK-5-1-12,15.0,ANSUL,437900,"Switch, Pressure, 3PDT",c/u.,1.0,437900,1
336,SISTEMATANK SIZE 147LFK-5-1-121-16,True,SISTEMA,TANK SIZE 147L,FK-5-1-12,16.0,ANSUL,415142,"Acutation Hose, 32 in., 1/4 in. NPT x 7/16-20 in. F Flare",c/u.,1.0,415142,1
337,SISTEMATANK SIZE 147LFK-5-1-121-17,True,SISTEMA,TANK SIZE 147L,FK-5-1-12,17.0,ANSUL,32338,"Male Straight Connector, 7/16 - 20 x 1/4 in. NPT",c/u.,1.0,32338,1
339,OPCIONALTANK SIZE 147LFK-5-1-121-1,True,OPCIONAL,TANK SIZE 147L,FK-5-1-12,1.0,ANSUL,570538-R2,"Flexible Discharge Hose, 2 in.",c/u.,1.0,570538-R2,1
340,OPCIONALTANK SIZE 147LFK-5-1-121-2,True,OPCIONAL,TANK SIZE 147L,FK-5-1-12,2.0,ANSUL,437900,"Switch, Pressure, 3PDT",c/u.,1.0,437900,1
341,OPCIONALTANK SIZE 147LFK-5-1-121-3,True,OPCIONAL,TANK SIZE 147L,FK-5-1-12,3.0,ANSUL,415142,"Acutation Hose, 32 in., 1/4 in. NPT x 7/16-20 in. F Flare",c/u.,1.0,415142,1
342,OPCIONALTANK SIZE 147LFK-5-1-121-4,True,OPCIONAL,TANK SIZE 147L,FK-5-1-12,4.0,ANSUL,32338,"Male Straight Connector, 7/16 - 20 x 1/4 in. NPT",c/u.,1.0,32338,1
343,OPCIONALTANK SIZE 147LFK-5-1-121-5,True,OPCIONAL,TANK SIZE 147L,FK-5-1-12,5.0,ANSUL,76498,"Switch, Maintenance, Surface Mount",c/u.,1.0,76498,1
344,OPCIONALTANK SIZE 147LFK-5-1-121-6,True,OPCIONAL,TANK SIZE 147L,FK-5-1-12,6.0,ANSUL,570278,"Liquid Level Indicator (For 390 & 850 lb. Tanks), 43 in.",c/u.,1.0,570278,1
346,SISTEMATANK SIZE 180LFK-5-1-121-1,True,SISTEMA,TANK SIZE 180L,FK-5-1-12,1.0,ANSUL,AGLIMP-RECARGA-00,SERVICIO DE CARGA DE AGENTE 180L,c/u.,1.0,180L CARGA,1
347,SISTEMATANK SIZE 180LFK-5-1-121-2,True,SISTEMA,TANK SIZE 180L,FK-5-1-12,2.0,ANSUL,445738,"TANK SIZE 180L, Fill: 199-459 lb.",c/u.,1.0,445738,1
348,SISTEMATANK SIZE 180LFK-5-1-121-3,True,SISTEMA,TANK SIZE 180L,FK-5-1-12,3.0,ANSUL,FK-5-1-12,FK-5-1-12  FLUID FACTORY FILL PER L,c/u.,2.0,FK-5-1-12,1
349,SISTEMATANK SIZE 180LFK-5-1-121-4,True,SISTEMA,TANK SIZE 180L,FK-5-1-12,4.0,ANSUL,302207021,"Pressure Gauge, FK-5-1-12",c/u.,1.0,302207021,1
350,SISTEMATANK SIZE 180LFK-5-1-121-5,True,SISTEMA,TANK SIZE 180L,FK-5-1-12,5.0,ANSUL,314207329,SAPPHIRE Label 32/106 a 343L UL/FM,c/u.,1.0,314207329,1
351,SISTEMATANK SIZE 180LFK-5-1-121-6,True,SISTEMA,TANK SIZE 180L,FK-5-1-12,6.0,ANSUL,570585,Cylinder Low Pressure Switch,c/u.,1.0,570585,1
352,SISTEMATANK SIZE 180LFK-5-1-121-7,True,SISTEMA,TANK SIZE 180L,FK-5-1-12,7.0,ANSUL,304205030,Electric Actuator Shipping Assembly,c/u.,1.0,304205030,1
353,SISTEMATANK SIZE 180LFK-5-1-121-8,True,SISTEMA,TANK SIZE 180L,FK-5-1-12,8.0,ANSUL,A1638150HY,Local Manual Actuator,c/u.,1.0,A1638150HY,1
354,SISTEMATANK SIZE 180LFK-5-1-121-9,True,SISTEMA,TANK SIZE 180L,FK-5-1-12,9.0,ANSUL,570092-R2,"Tank Bracket Assembly (Fits 140, 280, 390 & 450 lb. Tanks)",c/u.,2.0,570092-R2,1
355,SISTEMATANK SIZE 180LFK-5-1-121-10,True,SISTEMA,TANK SIZE 180L,FK-5-1-12,10.0,ANSUL,17549OK,"Nozzle, según memoria de calculo",c/u.,1.0,NOZ. 180L,1
356,SISTEMATANK SIZE 180LFK-5-1-121-11,True,SISTEMA,TANK SIZE 180L,FK-5-1-12,11.0,ANSUL,314207101-R2,DOOR NOTICE (LESS THAN NOAEL),c/u.,1.0,314207101-R2,1
357,SISTEMATANK SIZE 180LFK-5-1-121-12,True,SISTEMA,TANK SIZE 180L,FK-5-1-12,12.0,ANSUL,314207103-R2,MANUAL RELEASE SIGN,c/u.,1.0,314207103-R2,1
358,SISTEMATANK SIZE 180LFK-5-1-121-13,True,SISTEMA,TANK SIZE 180L,FK-5-1-12,13.0,ANSUL,570558,"Single-Tank Swivel Adaptor, 2 in.  (P/N 309002017)",c/u.,1.0,570558,1
359,SISTEMATANK SIZE 180LFK-5-1-121-14,True,SISTEMA,TANK SIZE 180L,FK-5-1-12,14.0,,,,,,0,1
360,SISTEMATANK SIZE 180LFK-5-1-121-15,True,SISTEMA,TANK SIZE 180L,FK-5-1-12,15.0,ANSUL,437900,"Switch, Pressure, 3PDT",c/u.,1.0,437900,1
361,SISTEMATANK SIZE 180LFK-5-1-121-16,True,SISTEMA,TANK SIZE 180L,FK-5-1-12,16.0,ANSUL,415142,"Acutation Hose, 32 in., 1/4 in. NPT x 7/16-20 in. F Flare",c/u.,1.0,415142,1
362,SISTEMATANK SIZE 180LFK-5-1-121-17,True,SISTEMA,TANK SIZE 180L,FK-5-1-12,17.0,ANSUL,32338,"Male Straight Connector, 7/16 - 20 x 1/4 in. NPT",c/u.,1.0,32338,1
364,OPCIONALTANK SIZE 180LFK-5-1-121-1,True,OPCIONAL,TANK SIZE 180L,FK-5-1-12,1.0,ANSUL,570538-R2,"Flexible Discharge Hose, 2 in.",c/u.,1.0,570538-R2,1
365,OPCIONALTANK SIZE 180LFK-5-1-121-2,True,OPCIONAL,TANK SIZE 180L,FK-5-1-12,2.0,ANSUL,437900,"Switch, Pressure, 3PDT",c/u.,1.0,437900,1
366,OPCIONALTANK SIZE 180LFK-5-1-121-3,True,OPCIONAL,TANK SIZE 180L,FK-5-1-12,3.0,ANSUL,415142,"Acutation Hose, 32 in., 1/4 in. NPT x 7/16-20 in. F Flare",c/u.,1.0,415142,1
367,OPCIONALTANK SIZE 180LFK-5-1-121-4,True,OPCIONAL,TANK SIZE 180L,FK-5-1-12,4.0,ANSUL,32338,"Male Straight Connector, 7/16 - 20 x 1/4 in. NPT",c/u.,1.0,32338,1
368,OPCIONALTANK SIZE 180LFK-5-1-121-5,True,OPCIONAL,TANK SIZE 180L,FK-5-1-12,5.0,ANSUL,76498,"Switch, Maintenance, Surface Mount",c/u.,1.0,76498,1
369,OPCIONALTANK SIZE 180LFK-5-1-121-6,True,OPCIONAL,TANK SIZE 180L,FK-5-1-12,6.0,ANSUL,570589,"Liquid Level Indicator (For 450 lb. Tank), 55 in.",c/u.,1.0,570589,1
371,SISTEMATANK SIZE 343LFK-5-1-121-1,True,SISTEMA,TANK SIZE 343L,FK-5-1-12,1.0,ANSUL,AGLIMP-RECARGA-00,SERVICIO DE CARGA DE AGENTE 343L,c/u.,1.0,343L CARGA,1
372,SISTEMATANK SIZE 343LFK-5-1-121-2,True,SISTEMA,TANK SIZE 343L,FK-5-1-12,2.0,ANSUL,445739,"TANK SIZE 343L, Fill: 379-851 lb.",c/u.,1.0,445739,1
373,SISTEMATANK SIZE 343LFK-5-1-121-3,True,SISTEMA,TANK SIZE 343L,FK-5-1-12,3.0,ANSUL,FK-5-1-12,FK-5-1-12  FLUID FACTORY FILL PER L,c/u.,2.0,FK-5-1-12,1
374,SISTEMATANK SIZE 343LFK-5-1-121-4,True,SISTEMA,TANK SIZE 343L,FK-5-1-12,4.0,ANSUL,302207021,"Pressure Gauge, FK-5-1-12",c/u.,1.0,302207021,1
375,SISTEMATANK SIZE 343LFK-5-1-121-5,True,SISTEMA,TANK SIZE 343L,FK-5-1-12,5.0,ANSUL,314207329,SAPPHIRE Label 32/106 a 343L UL/FM,c/u.,1.0,314207329,1
376,SISTEMATANK SIZE 343LFK-5-1-121-6,True,SISTEMA,TANK SIZE 343L,FK-5-1-12,6.0,ANSUL,570585,Cylinder Low Pressure Switch,c/u.,1.0,570585,1
377,SISTEMATANK SIZE 343LFK-5-1-121-7,True,SISTEMA,TANK SIZE 343L,FK-5-1-12,7.0,ANSUL,304205030,Electric Actuator Shipping Assembly,c/u.,1.0,304205030,1
378,SISTEMATANK SIZE 343LFK-5-1-121-8,True,SISTEMA,TANK SIZE 343L,FK-5-1-12,8.0,ANSUL,A1638150HY,Local Manual Actuator,c/u.,1.0,A1638150HY,1
379,SISTEMATANK SIZE 343LFK-5-1-121-9,True,SISTEMA,TANK SIZE 343L,FK-5-1-12,9.0,ANSUL,570336-R2,Tank Bracket Assembly (Fits 850 lb. Tank),c/u.,2.0,570336-R2,1
380,SISTEMATANK SIZE 343LFK-5-1-121-10,True,SISTEMA,TANK SIZE 343L,FK-5-1-12,10.0,ANSUL,17549OK,"Nozzle, según memoria de calculo",c/u.,1.0,NOZ. 343L,1
381,SISTEMATANK SIZE 343LFK-5-1-121-11,True,SISTEMA,TANK SIZE 343L,FK-5-1-12,11.0,ANSUL,314207101-R2,DOOR NOTICE (LESS THAN NOAEL),c/u.,1.0,314207101-R2,1
382,SISTEMATANK SIZE 343LFK-5-1-121-12,True,SISTEMA,TANK SIZE 343L,FK-5-1-12,12.0,ANSUL,314207103-R2,MANUAL RELEASE SIGN,c/u.,1.0,314207103-R2,1
383,SISTEMATANK SIZE 343LFK-5-1-121-13,True,SISTEMA,TANK SIZE 343L,FK-5-1-12,13.0,ANSUL,69471,"Single-Tank Swivel Adaptor, 3 in. Flare to 3 in. Grooved",c/u.,1.0,69471,1
384,SISTEMATANK SIZE 343LFK-5-1-121-14,True,SISTEMA,TANK SIZE 343L,FK-5-1-12,14.0,,,,,,0,1
385,SISTEMATANK SIZE 343LFK-5-1-121-15,True,SISTEMA,TANK SIZE 343L,FK-5-1-12,15.0,ANSUL,437900,"Switch, Pressure, 3PDT",c/u.,1.0,437900,1
386,SISTEMATANK SIZE 343LFK-5-1-121-16,True,SISTEMA,TANK SIZE 343L,FK-5-1-12,16.0,ANSUL,430815,"Acutation Hose, 42 in., 1/4 in. NPT x 7/16-20 in. F Flare",c/u.,1.0,430815,1
387,SISTEMATANK SIZE 343LFK-5-1-121-17,True,SISTEMA,TANK SIZE 343L,FK-5-1-12,17.0,ANSUL,32338,"Male Straight Connector, 7/16 - 20 x 1/4 in. NPT",c/u.,1.0,32338,1
389,OPCIONALTANK SIZE 343LFK-5-1-121-1,True,OPCIONAL,TANK SIZE 343L,FK-5-1-12,1.0,ANSUL,437900,"Switch, Pressure, 3PDT",c/u.,1.0,437900,1
390,OPCIONALTANK SIZE 343LFK-5-1-121-2,True,OPCIONAL,TANK SIZE 343L,FK-5-1-12,2.0,ANSUL,430815,"Acutation Hose, 42 in., 1/4 in. NPT x 7/16-20 in. F Flare",c/u.,1.0,430815,1
391,OPCIONALTANK SIZE 343LFK-5-1-121-3,True,OPCIONAL,TANK SIZE 343L,FK-5-1-12,3.0,ANSUL,32338,"Male Straight Connector, 7/16 - 20 x 1/4 in. NPT",c/u.,1.0,32338,1
392,OPCIONALTANK SIZE 343LFK-5-1-121-4,True,OPCIONAL,TANK SIZE 343L,FK-5-1-12,4.0,ANSUL,76498,"Switch, Maintenance, Surface Mount",c/u.,1.0,76498,1
393,OPCIONALTANK SIZE 343LFK-5-1-121-5,True,OPCIONAL,TANK SIZE 343L,FK-5-1-12,5.0,ANSUL,570278,"Liquid Level Indicator (For 390 & 850 lb. Tanks), 43 in.",c/u.,1.0,570278,1
394,OPCIONALTANK SIZE 343LFK-5-1-121-6,True,OPCIONAL,TANK SIZE 343L,FK-5-1-12,6.0,ANSUL,452162,"CHECK VALVE, 3"", W/ ADAPTOR ASSY",c/u.,1.0,452162,1
395,OPCIONALTANK SIZE 343LFK-5-1-121-7,True,OPCIONAL,TANK SIZE 343L,FK-5-1-12,7.0,ANSUL,69990,"3"" Flexible Hose ASM",c/u.,1.0,69990,1
396,OPCIONALTANK SIZE 343LFK-5-1-121-8,True,OPCIONAL,TANK SIZE 343L,FK-5-1-12,8.0,ANSUL,69841,"Discharge Hose/Check Valve Assembly, 3 in.",c/u.,1.0,69841,1
398,RESERVATANK SIZE 8LFM-2001-1,True,RESERVA,TANK SIZE 8L,FM-200,1.0,ANSUL,AGLIMP-RECARGA-00,SERVICIO DE CARGA DE AGENTE 8L,c/u.,1.0,8L CARGA,1
399,RESERVATANK SIZE 8LFM-2001-2,True,RESERVA,TANK SIZE 8L,FM-200,2.0,ANSUL,445732,"TANK SIZE 8L, Fill: 9-17 lb.",c/u.,1.0,445732,1
400,RESERVATANK SIZE 8LFM-2001-3,True,RESERVA,TANK SIZE 8L,FM-200,3.0,ANSUL,FM-200-SRL,"FM-200 Agent,",c/u.,2.0,453646,1
401,RESERVATANK SIZE 8LFM-2001-4,True,RESERVA,TANK SIZE 8L,FM-200,4.0,ANSUL,570055,"Gauge, Cylinder Valve FM-200",c/u.,1.0,570055,1
402,RESERVATANK SIZE 8LFM-2001-5,True,RESERVA,TANK SIZE 8L,FM-200,5.0,ANSUL,314205321,Label FM-200 8/16/52L UL/FM,c/u.,1.0,314205321,1
403,RESERVATANK SIZE 8LFM-2001-6,True,RESERVA,TANK SIZE 8L,FM-200,6.0,ANSUL,570585,Cylinder Low Pressure Switch,c/u.,1.0,570585,1
405,RESERVATANK SIZE 16LFM-2001-1,True,RESERVA,TANK SIZE 16L,FM-200,1.0,ANSUL,AGLIMP-RECARGA-00,SERVICIO DE CARGA DE AGENTE 16L,c/u.,1.0,16L CARGA,1
406,RESERVATANK SIZE 16LFM-2001-2,True,RESERVA,TANK SIZE 16L,FM-200,2.0,ANSUL,445733,"TANK SIZE 16L, Fill: 18-35 lb.",c/u.,1.0,445733,1
407,RESERVATANK SIZE 16LFM-2001-3,True,RESERVA,TANK SIZE 16L,FM-200,3.0,ANSUL,FM-200-SRL,"FM-200 Agent,",c/u.,2.0,453646,1
408,RESERVATANK SIZE 16LFM-2001-4,True,RESERVA,TANK SIZE 16L,FM-200,4.0,ANSUL,570055,"Gauge, Cylinder Valve FM-200",c/u.,1.0,570055,1
409,RESERVATANK SIZE 16LFM-2001-5,True,RESERVA,TANK SIZE 16L,FM-200,5.0,ANSUL,314205321,Label FM-200 8/16/52L UL/FM,c/u.,1.0,314205321,1
410,RESERVATANK SIZE 16LFM-2001-6,True,RESERVA,TANK SIZE 16L,FM-200,6.0,ANSUL,570585,Cylinder Low Pressure Switch,c/u.,1.0,570585,1
412,RESERVATANK SIZE 32LFM-2001-1,True,RESERVA,TANK SIZE 32L,FM-200,1.0,ANSUL,AGLIMP-RECARGA-00,SERVICIO DE CARGA DE AGENTE 32L,c/u.,1.0,32L CARGA,1
413,RESERVATANK SIZE 32LFM-2001-2,True,RESERVA,TANK SIZE 32L,FM-200,2.0,ANSUL,445734,"TANK SIZE 32L, Fill: 36-70 lb.",c/u.,1.0,445734,1
414,RESERVATANK SIZE 32LFM-2001-3,True,RESERVA,TANK SIZE 32L,FM-200,3.0,ANSUL,FM-200-SRL,"FM-200 Agent,",c/u.,2.0,453646,1
415,RESERVATANK SIZE 32LFM-2001-4,True,RESERVA,TANK SIZE 32L,FM-200,4.0,ANSUL,570055,"Gauge, Cylinder Valve FM-200",c/u.,1.0,570055,1
416,RESERVATANK SIZE 32LFM-2001-5,True,RESERVA,TANK SIZE 32L,FM-200,5.0,ANSUL,314205314,Label FM-200 32/106/147/180/343L UL/FM,c/u.,1.0,314205314,1
417,RESERVATANK SIZE 32LFM-2001-6,True,RESERVA,TANK SIZE 32L,FM-200,6.0,ANSUL,570585,Cylinder Low Pressure Switch,c/u.,1.0,570585,1
419,RESERVATANK SIZE 52LFM-2001-1,True,RESERVA,TANK SIZE 52L,FM-200,1.0,ANSUL,AGLIMP-RECARGA-00,SERVICIO DE CARGA DE AGENTE 52L,c/u.,1.0,52L CARGA,1
420,RESERVATANK SIZE 52LFM-2001-2,True,RESERVA,TANK SIZE 52L,FM-200,2.0,ANSUL,445735,"TANK SIZE 52L, Fill: 58-114 lb.",c/u.,1.0,445735,1
421,RESERVATANK SIZE 52LFM-2001-3,True,RESERVA,TANK SIZE 52L,FM-200,3.0,ANSUL,FM-200-SRL,"FM-200 Agent,",c/u.,2.0,453646,1
422,RESERVATANK SIZE 52LFM-2001-4,True,RESERVA,TANK SIZE 52L,FM-200,4.0,ANSUL,570055,"Gauge, Cylinder Valve FM-200",c/u.,1.0,570055,1
423,RESERVATANK SIZE 52LFM-2001-5,True,RESERVA,TANK SIZE 52L,FM-200,5.0,ANSUL,314205321,Label FM-200 8/16/52L UL/FM,c/u.,1.0,314205321,1
424,RESERVATANK SIZE 52LFM-2001-6,True,RESERVA,TANK SIZE 52L,FM-200,6.0,ANSUL,570585,Cylinder Low Pressure Switch,c/u.,1.0,570585,1
426,RESERVATANK SIZE 106LFM-2001-1,True,RESERVA,TANK SIZE 106L,FM-200,1.0,ANSUL,AGLIMP-RECARGA-00,SERVICIO DE CARGA DE AGENTE 106L,c/u.,1.0,106L CARGA,1
427,RESERVATANK SIZE 106LFM-2001-2,True,RESERVA,TANK SIZE 106L,FM-200,2.0,ANSUL,445736,"TANK SIZE 106L, Fill: 117-233 lb",c/u.,1.0,445736,1
428,RESERVATANK SIZE 106LFM-2001-3,True,RESERVA,TANK SIZE 106L,FM-200,3.0,ANSUL,FM-200-SRL,"FM-200 Agent,",c/u.,2.0,453646,1
429,RESERVATANK SIZE 106LFM-2001-4,True,RESERVA,TANK SIZE 106L,FM-200,4.0,ANSUL,570055,"Gauge, Cylinder Valve FM-200",c/u.,1.0,570055,1
430,RESERVATANK SIZE 106LFM-2001-5,True,RESERVA,TANK SIZE 106L,FM-200,5.0,ANSUL,314205314,Label FM-200 32/106/147/180/343L UL/FM,c/u.,1.0,314205314,1
431,RESERVATANK SIZE 106LFM-2001-6,True,RESERVA,TANK SIZE 106L,FM-200,6.0,ANSUL,570585,Cylinder Low Pressure Switch,c/u.,1.0,570585,1
432,RESERVATANK SIZE 106LFM-2001-7,True,RESERVA,TANK SIZE 106L,FM-200,7.0,ANSUL,570277,"Liquid Level Indicator (For 280 lb. Tank), 32 in.",c/u.,1.0,570277,1
434,RESERVATANK SIZE 147LFM-2001-1,True,RESERVA,TANK SIZE 147L,FM-200,1.0,ANSUL,AGLIMP-RECARGA-00,SERVICIO DE CARGA DE AGENTE 147L,c/u.,1.0,147L CARGA,1
435,RESERVATANK SIZE 147LFM-2001-2,True,RESERVA,TANK SIZE 147L,FM-200,2.0,ANSUL,445737,"TANK SIZE 147L, Fill: 163-324 lb.",c/u.,1.0,445737,1
436,RESERVATANK SIZE 147LFM-2001-3,True,RESERVA,TANK SIZE 147L,FM-200,3.0,ANSUL,FM-200-SRL,"FM-200 Agent,",c/u.,2.0,453646,1
437,RESERVATANK SIZE 147LFM-2001-4,True,RESERVA,TANK SIZE 147L,FM-200,4.0,ANSUL,570055,"Gauge, Cylinder Valve FM-200",c/u.,1.0,570055,1
438,RESERVATANK SIZE 147LFM-2001-5,True,RESERVA,TANK SIZE 147L,FM-200,5.0,ANSUL,314205314,Label FM-200 32/106/147/180/343L UL/FM,c/u.,1.0,314205314,1
439,RESERVATANK SIZE 147LFM-2001-6,True,RESERVA,TANK SIZE 147L,FM-200,6.0,ANSUL,570585,Cylinder Low Pressure Switch,c/u.,1.0,570585,1
440,RESERVATANK SIZE 147LFM-2001-7,True,RESERVA,TANK SIZE 147L,FM-200,7.0,ANSUL,570278,"Liquid Level Indicator (For 390 & 850 lb. Tanks), 43 in.",c/u.,1.0,570278,1
442,RESERVATANK SIZE 180LFM-2001-1,True,RESERVA,TANK SIZE 180L,FM-200,1.0,ANSUL,AGLIMP-RECARGA-00,SERVICIO DE CARGA DE AGENTE 180L,c/u.,1.0,180L CARGA,1
443,RESERVATANK SIZE 180LFM-2001-2,True,RESERVA,TANK SIZE 180L,FM-200,2.0,ANSUL,445738,"TANK SIZE 180L, Fill: 199-396 lb.",c/u.,1.0,445738,1
444,RESERVATANK SIZE 180LFM-2001-3,True,RESERVA,TANK SIZE 180L,FM-200,3.0,ANSUL,FM-200-SRL,"FM-200 Agent,",c/u.,2.0,453646,1
445,RESERVATANK SIZE 180LFM-2001-4,True,RESERVA,TANK SIZE 180L,FM-200,4.0,ANSUL,570055,"Gauge, Cylinder Valve FM-200",c/u.,1.0,570055,1
446,RESERVATANK SIZE 180LFM-2001-5,True,RESERVA,TANK SIZE 180L,FM-200,5.0,ANSUL,314205314,Label FM-200 32/106/147/180/343L UL/FM,c/u.,1.0,314205314,1
447,RESERVATANK SIZE 180LFM-2001-6,True,RESERVA,TANK SIZE 180L,FM-200,6.0,ANSUL,570585,Cylinder Low Pressure Switch,c/u.,1.0,570585,1
448,RESERVATANK SIZE 180LFM-2001-7,True,RESERVA,TANK SIZE 180L,FM-200,7.0,ANSUL,570278,"Liquid Level Indicator (For 390 & 850 lb. Tanks), 43 in.",c/u.,1.0,570278,1
450,RESERVATANK SIZE 343LFM-2001-1,True,RESERVA,TANK SIZE 343L,FM-200,1.0,ANSUL,AGLIMP-RECARGA-00,SERVICIO DE CARGA DE AGENTE 343L,c/u.,1.0,343L CARGA,1
451,RESERVATANK SIZE 343LFM-2001-2,True,RESERVA,TANK SIZE 343L,FM-200,2.0,ANSUL,445739,"TANK SIZE 343L, Fill: 379-756 lb.",c/u.,1.0,445739,1
452,RESERVATANK SIZE 343LFM-2001-3,True,RESERVA,TANK SIZE 343L,FM-200,3.0,ANSUL,FM-200-SRL,"FM-200 Agent,",c/u.,2.0,453646,1
453,RESERVATANK SIZE 343LFM-2001-4,True,RESERVA,TANK SIZE 343L,FM-200,4.0,ANSUL,570055,"Gauge, Cylinder Valve FM-200",c/u.,1.0,570055,1
454,RESERVATANK SIZE 343LFM-2001-5,True,RESERVA,TANK SIZE 343L,FM-200,5.0,ANSUL,314205314,Label FM-200 32/106/147/180/343L UL/FM,c/u.,1.0,314205314,1
455,RESERVATANK SIZE 343LFM-2001-6,True,RESERVA,TANK SIZE 343L,FM-200,6.0,ANSUL,570585,Cylinder Low Pressure Switch,c/u.,1.0,570585,1
456,RESERVATANK SIZE 343LFM-2001-7,True,RESERVA,TANK SIZE 343L,FM-200,7.0,ANSUL,570278,"Liquid Level Indicator (For 390 & 850 lb. Tanks), 43 in.",c/u.,1.0,570278,1
458,RESERVATANK SIZE 8LFK-5-1-121-1,True,RESERVA,TANK SIZE 8L,FK-5-1-12,1.0,ANSUL,AGLIMP-RECARGA-00,SERVICIO DE CARGA DE AGENTE 8L,c/u.,1.0,8L CARGA,1
459,RESERVATANK SIZE 8LFK-5-1-121-2,True,RESERVA,TANK SIZE 8L,FK-5-1-12,2.0,ANSUL,445732,"TANK SIZE 8L, Fill: 9-21 lb.",c/u.,1.0,445732,1
460,RESERVATANK SIZE 8LFK-5-1-121-3,True,RESERVA,TANK SIZE 8L,FK-5-1-12,3.0,ANSUL,FK-5-1-12,FK-5-1-12  FLUID FACTORY FILL PER L,c/u.,2.0,FK-5-1-12,1
461,RESERVATANK SIZE 8LFK-5-1-121-4,True,RESERVA,TANK SIZE 8L,FK-5-1-12,4.0,ANSUL,302207021,"Pressure Gauge, FK-5-1-12",c/u.,1.0,302207021,1
462,RESERVATANK SIZE 8LFK-5-1-121-5,True,RESERVA,TANK SIZE 8L,FK-5-1-12,5.0,ANSUL,314207207,SAPPHIRE Label 8/16/52L UL/FM,c/u.,1.0,314207207,1
463,RESERVATANK SIZE 8LFK-5-1-121-6,True,RESERVA,TANK SIZE 8L,FK-5-1-12,6.0,ANSUL,570585,Cylinder Low Pressure Switch,c/u.,1.0,570585,1
465,RESERVATANK SIZE 16LFK-5-1-121-1,True,RESERVA,TANK SIZE 16L,FK-5-1-12,1.0,ANSUL,AGLIMP-RECARGA-00,SERVICIO DE CARGA DE AGENTE 16L,c/u.,1.0,16L CARGA,1
466,RESERVATANK SIZE 16LFK-5-1-121-2,True,RESERVA,TANK SIZE 16L,FK-5-1-12,2.0,ANSUL,445733,"TANK SIZE 16L, Fill: 18 - 42 lbs.",c/u.,1.0,445733,1
467,RESERVATANK SIZE 16LFK-5-1-121-3,True,RESERVA,TANK SIZE 16L,FK-5-1-12,3.0,ANSUL,FK-5-1-12,FK-5-1-12  FLUID FACTORY FILL PER L,c/u.,2.0,FK-5-1-12,1
468,RESERVATANK SIZE 16LFK-5-1-121-4,True,RESERVA,TANK SIZE 16L,FK-5-1-12,4.0,ANSUL,302207021,"Pressure Gauge, FK-5-1-12",c/u.,1.0,302207021,1
469,RESERVATANK SIZE 16LFK-5-1-121-5,True,RESERVA,TANK SIZE 16L,FK-5-1-12,5.0,ANSUL,314207207,SAPPHIRE Label 8/16/52L UL/FM,c/u.,1.0,314207207,1
470,RESERVATANK SIZE 16LFK-5-1-121-6,True,RESERVA,TANK SIZE 16L,FK-5-1-12,6.0,ANSUL,570585,Cylinder Low Pressure Switch,c/u.,1.0,570585,1
472,RESERVATANK SIZE 32LFK-5-1-121-1,True,RESERVA,TANK SIZE 32L,FK-5-1-12,1.0,ANSUL,AGLIMP-RECARGA-00,SERVICIO DE CARGA DE AGENTE 32L,c/u.,1.0,32L CARGA,1
473,RESERVATANK SIZE 32LFK-5-1-121-2,True,RESERVA,TANK SIZE 32L,FK-5-1-12,2.0,ANSUL,445734,"TANK SIZE 32L, Fill: 36 - 84 lbs.",c/u.,1.0,445734,1
474,RESERVATANK SIZE 32LFK-5-1-121-3,True,RESERVA,TANK SIZE 32L,FK-5-1-12,3.0,ANSUL,FK-5-1-12,FK-5-1-12  FLUID FACTORY FILL PER L,c/u.,2.0,FK-5-1-12,1
475,RESERVATANK SIZE 32LFK-5-1-121-4,True,RESERVA,TANK SIZE 32L,FK-5-1-12,4.0,ANSUL,302207021,"Pressure Gauge, FK-5-1-12",c/u.,1.0,302207021,1
476,RESERVATANK SIZE 32LFK-5-1-121-5,True,RESERVA,TANK SIZE 32L,FK-5-1-12,5.0,ANSUL,314207329,SAPPHIRE Label 32/106 a 343L UL/FM,c/u.,1.0,314207329,1
477,RESERVATANK SIZE 32LFK-5-1-121-6,True,RESERVA,TANK SIZE 32L,FK-5-1-12,6.0,ANSUL,570585,Cylinder Low Pressure Switch,c/u.,1.0,570585,1
479,RESERVATANK SIZE 52LFK-5-1-121-1,True,RESERVA,TANK SIZE 52L,FK-5-1-12,1.0,ANSUL,AGLIMP-RECARGA-00,SERVICIO DE CARGA DE AGENTE 52L,c/u.,1.0,52L CARGA,1
480,RESERVATANK SIZE 52LFK-5-1-121-2,True,RESERVA,TANK SIZE 52L,FK-5-1-12,2.0,ANSUL,445735,"TANK SIZE 52L, Fill: 58-137 lb.",c/u.,1.0,445735,1
481,RESERVATANK SIZE 52LFK-5-1-121-3,True,RESERVA,TANK SIZE 52L,FK-5-1-12,3.0,ANSUL,FK-5-1-12,FK-5-1-12  FLUID FACTORY FILL PER L,c/u.,2.0,FK-5-1-12,1
482,RESERVATANK SIZE 52LFK-5-1-121-4,True,RESERVA,TANK SIZE 52L,FK-5-1-12,4.0,ANSUL,302207021,"Pressure Gauge, FK-5-1-12",c/u.,1.0,302207021,1
483,RESERVATANK SIZE 52LFK-5-1-121-5,True,RESERVA,TANK SIZE 52L,FK-5-1-12,5.0,ANSUL,314207207,SAPPHIRE Label 8/16/52L UL/FM,c/u.,1.0,314207207,1
484,RESERVATANK SIZE 52LFK-5-1-121-6,True,RESERVA,TANK SIZE 52L,FK-5-1-12,6.0,ANSUL,570585,Cylinder Low Pressure Switch,c/u.,1.0,570585,1
486,RESERVATANK SIZE 106LFK-5-1-121-1,True,RESERVA,TANK SIZE 106L,FK-5-1-12,1.0,ANSUL,AGLIMP-RECARGA-00,SERVICIO DE CARGA DE AGENTE 106L,c/u.,1.0,106L CARGA,1
487,RESERVATANK SIZE 106LFK-5-1-121-2,True,RESERVA,TANK SIZE 106L,FK-5-1-12,2.0,ANSUL,445736,"TANK SIZE 106L, Fill: 117-280 lb.",c/u.,1.0,445736,1
488,RESERVATANK SIZE 106LFK-5-1-121-3,True,RESERVA,TANK SIZE 106L,FK-5-1-12,3.0,ANSUL,FK-5-1-12,FK-5-1-12  FLUID FACTORY FILL PER L,c/u.,2.0,FK-5-1-12,1
489,RESERVATANK SIZE 106LFK-5-1-121-4,True,RESERVA,TANK SIZE 106L,FK-5-1-12,4.0,ANSUL,302207021,"Pressure Gauge, FK-5-1-12",c/u.,1.0,302207021,1
490,RESERVATANK SIZE 106LFK-5-1-121-5,True,RESERVA,TANK SIZE 106L,FK-5-1-12,5.0,ANSUL,314207329,SAPPHIRE Label 32/106 a 343L UL/FM,c/u.,1.0,314207329,1
491,RESERVATANK SIZE 106LFK-5-1-121-6,True,RESERVA,TANK SIZE 106L,FK-5-1-12,6.0,ANSUL,570585,Cylinder Low Pressure Switch,c/u.,1.0,570585,1
492,RESERVATANK SIZE 106LFK-5-1-121-7,True,RESERVA,TANK SIZE 106L,FK-5-1-12,7.0,ANSUL,570277,"Liquid Level Indicator (For 280 lb. Tank), 32 in.",c/u.,1.0,570277,1
494,RESERVATANK SIZE 147LFK-5-1-121-1,True,RESERVA,TANK SIZE 147L,FK-5-1-12,1.0,ANSUL,AGLIMP-RECARGA-00,SERVICIO DE CARGA DE AGENTE 147L,c/u.,1.0,147L CARGA,1
495,RESERVATANK SIZE 147LFK-5-1-121-2,True,RESERVA,TANK SIZE 147L,FK-5-1-12,2.0,ANSUL,445737,"TANK SIZE 147L, Fill: 163-388 lb.",c/u.,1.0,445737,1
496,RESERVATANK SIZE 147LFK-5-1-121-3,True,RESERVA,TANK SIZE 147L,FK-5-1-12,3.0,ANSUL,FK-5-1-12,FK-5-1-12  FLUID FACTORY FILL PER L,c/u.,2.0,FK-5-1-12,1
497,RESERVATANK SIZE 147LFK-5-1-121-4,True,RESERVA,TANK SIZE 147L,FK-5-1-12,4.0,ANSUL,302207021,"Pressure Gauge, FK-5-1-12",c/u.,1.0,302207021,1
498,RESERVATANK SIZE 147LFK-5-1-121-5,True,RESERVA,TANK SIZE 147L,FK-5-1-12,5.0,ANSUL,314207329,SAPPHIRE Label 32/106 a 343L UL/FM,c/u.,1.0,314207329,1
499,RESERVATANK SIZE 147LFK-5-1-121-6,True,RESERVA,TANK SIZE 147L,FK-5-1-12,6.0,ANSUL,570585,Cylinder Low Pressure Switch,c/u.,1.0,570585,1
500,RESERVATANK SIZE 147LFK-5-1-121-7,True,RESERVA,TANK SIZE 147L,FK-5-1-12,7.0,ANSUL,570278,"Liquid Level Indicator (For 390 & 850 lb. Tanks), 43 in.",c/u.,1.0,570278,1
502,RESERVATANK SIZE 180LFK-5-1-121-1,True,RESERVA,TANK SIZE 180L,FK-5-1-12,1.0,ANSUL,AGLIMP-RECARGA-00,SERVICIO DE CARGA DE AGENTE 180L,c/u.,1.0,180L CARGA,1
503,RESERVATANK SIZE 180LFK-5-1-121-2,True,RESERVA,TANK SIZE 180L,FK-5-1-12,2.0,ANSUL,445738,"TANK SIZE 180L, Fill: 199-459 lb.",c/u.,1.0,445738,1
504,RESERVATANK SIZE 180LFK-5-1-121-3,True,RESERVA,TANK SIZE 180L,FK-5-1-12,3.0,ANSUL,FK-5-1-12,FK-5-1-12  FLUID FACTORY FILL PER L,c/u.,2.0,FK-5-1-12,1
505,RESERVATANK SIZE 180LFK-5-1-121-4,True,RESERVA,TANK SIZE 180L,FK-5-1-12,4.0,ANSUL,302207021,"Pressure Gauge, FK-5-1-12",c/u.,1.0,302207021,1
506,RESERVATANK SIZE 180LFK-5-1-121-5,True,RESERVA,TANK SIZE 180L,FK-5-1-12,5.0,ANSUL,314207329,SAPPHIRE Label 32/106 a 343L UL/FM,c/u.,1.0,314207329,1
507,RESERVATANK SIZE 180LFK-5-1-121-6,True,RESERVA,TANK SIZE 180L,FK-5-1-12,6.0,ANSUL,570585,Cylinder Low Pressure Switch,c/u.,1.0,570585,1
508,RESERVATANK SIZE 180LFK-5-1-121-7,True,RESERVA,TANK SIZE 180L,FK-5-1-12,7.0,ANSUL,570589,"Liquid Level Indicator (For 450 lb. Tank), 55 in.",c/u.,1.0,570589,1
510,RESERVATANK SIZE 343LFK-5-1-121-1,True,RESERVA,TANK SIZE 343L,FK-5-1-12,1.0,ANSUL,AGLIMP-RECARGA-00,SERVICIO DE CARGA DE AGENTE 343L,c/u.,1.0,343L CARGA,1
511,RESERVATANK SIZE 343LFK-5-1-121-2,True,RESERVA,TANK SIZE 343L,FK-5-1-12,2.0,ANSUL,445739,"TANK SIZE 343L, Fill: 379-851 lb.",c/u.,1.0,445739,1
512,RESERVATANK SIZE 343LFK-5-1-121-3,True,RESERVA,TANK SIZE 343L,FK-5-1-12,3.0,ANSUL,FK-5-1-12,FK-5-1-12  FLUID FACTORY FILL PER L,c/u.,2.0,FK-5-1-12,1
513,RESERVATANK SIZE 343LFK-5-1-121-4,True,RESERVA,TANK SIZE 343L,FK-5-1-12,4.0,ANSUL,302207021,"Pressure Gauge, FK-5-1-12",c/u.,1.0,302207021,1
514,RESERVATANK SIZE 343LFK-5-1-121-5,True,RESERVA,TANK SIZE 343L,FK-5-1-12,5.0,ANSUL,314207329,SAPPHIRE Label 32/106 a 343L UL/FM,c/u.,1.0,314207329,1
515,RESERVATANK SIZE 343LFK-5-1-121-6,True,RESERVA,TANK SIZE 343L,FK-5-1-12,6.0,ANSUL,570585,Cylinder Low Pressure Switch,c/u.,1.0,570585,1
516,RESERVATANK SIZE 343LFK-5-1-121-7,True,RESERVA,TANK SIZE 343L,FK-5-1-12,7.0,ANSUL,570278,"Liquid Level Indicator (For 390 & 850 lb. Tanks), 43 in.",c/u.,1.0,570278,1
519,MAIN RESERVETANK SIZE 8LFM-2001-1,True,MAIN RESERVE,TANK SIZE 8L,FM-200,1.0,ANSUL,AGLIMP-RECARGA-00,SERVICIO DE CARGA DE AGENTE 8L,c/u.,1.0,8L CARGA,1
520,MAIN RESERVETANK SIZE 8LFM-2001-2,True,MAIN RESERVE,TANK SIZE 8L,FM-200,2.0,ANSUL,445732,"TANK SIZE 8L, Fill: 9-17 lb.",c/u.,1.0,445732,1
521,MAIN RESERVETANK SIZE 8LFM-2001-3,True,MAIN RESERVE,TANK SIZE 8L,FM-200,3.0,ANSUL,FM-200-SRL,"FM-200 Agent,",c/u.,2.0,453646,1
522,MAIN RESERVETANK SIZE 8LFM-2001-4,True,MAIN RESERVE,TANK SIZE 8L,FM-200,4.0,ANSUL,570055,"Gauge, Cylinder Valve FM-200",c/u.,1.0,570055,1
523,MAIN RESERVETANK SIZE 8LFM-2001-5,True,MAIN RESERVE,TANK SIZE 8L,FM-200,5.0,ANSUL,314205321,Label FM-200 8/16/52L UL/FM,c/u.,1.0,314205321,1
524,MAIN RESERVETANK SIZE 8LFM-2001-6,True,MAIN RESERVE,TANK SIZE 8L,FM-200,6.0,ANSUL,570585,Cylinder Low Pressure Switch,c/u.,1.0,570585,1
525,MAIN RESERVETANK SIZE 8LFM-2001-7,True,MAIN RESERVE,TANK SIZE 8L,FM-200,7.0,ANSUL,304205030,Electric Actuator Shipping Assembly,c/u.,1.0,304205030,1
526,MAIN RESERVETANK SIZE 8LFM-2001-8,True,MAIN RESERVE,TANK SIZE 8L,FM-200,8.0,ANSUL,A1638150HY,Local Manual Actuator,c/u.,1.0,A1638150HY,1
527,MAIN RESERVETANK SIZE 8LFM-2001-9,True,MAIN RESERVE,TANK SIZE 8L,FM-200,9.0,ANSUL,570085-R2,"Tank Bracket Assembly (Fits 20, 50 & 90 lb. Tanks)",c/u.,1.0,570085-R2,1
528,MAIN RESERVETANK SIZE 8LFM-2001-10,True,MAIN RESERVE,TANK SIZE 8L,FM-200,10.0,ANSUL,76496,"switch main reserve, surface mount",c/u.,1.0,76496,1
529,MAIN RESERVETANK SIZE 8LFM-2001-11,True,MAIN RESERVE,TANK SIZE 8L,FM-200,11.0,ANSUL,570566,"Manifold Check Valve, 1 in.",c/u.,2.0,570566,1
530,MAIN RESERVETANK SIZE 8LFM-2001-12,True,MAIN RESERVE,TANK SIZE 8L,FM-200,12.0,ANSUL,570539-R2,"Flexible Discharge Hose, 1 in.",c/u.,2.0,570539-R2,1
531,MAIN RESERVETANK SIZE 8LFM-2001-13,True,MAIN RESERVE,TANK SIZE 8L,FM-200,13.0,,,,,,,1
532,MAIN RESERVETANK SIZE 8LFM-2001-14,True,MAIN RESERVE,TANK SIZE 8L,FM-200,14.0,ANSUL,570550,Pneumatic Actuator,c/u.,0.0,570550,1
533,MAIN RESERVETANK SIZE 8LFM-2001-15,True,MAIN RESERVE,TANK SIZE 8L,FM-200,15.0,ANSUL,32338,"Male Straight Connector, 7/16 - 20 x 1/4 in. NPT",c/u.,0.0,32338,1
534,MAIN RESERVETANK SIZE 8LFM-2001-16,True,MAIN RESERVE,TANK SIZE 8L,FM-200,16.0,ANSUL,31810,"Male Elbow, 7/16-20 x 1/4 in. NPT",c/u.,0.0,31810,1
535,MAIN RESERVETANK SIZE 8LFM-2001-17,True,MAIN RESERVE,TANK SIZE 8L,FM-200,17.0,ANSUL,32336,"Actuation Hose, Swivel, Stainless Braided, 24 in., 1/4 in. Female",c/u.,0.0,32336,1
536,MAIN RESERVETANK SIZE 8LFM-2001-18,True,MAIN RESERVE,TANK SIZE 8L,FM-200,18.0,ANSUL,31811,"Male Tee, 7/16 - 20 x 1/4 in. NPT",c/u.,0.0,31811,1
538,MAIN RESERVETANK SIZE 16LFM-2001-1,True,MAIN RESERVE,TANK SIZE 16L,FM-200,1.0,ANSUL,AGLIMP-RECARGA-00,SERVICIO DE CARGA DE AGENTE 16L,c/u.,1.0,16L CARGA,1
539,MAIN RESERVETANK SIZE 16LFM-2001-2,True,MAIN RESERVE,TANK SIZE 16L,FM-200,2.0,ANSUL,445733,"TANK SIZE 16L, Fill: 18-35 lb.",c/u.,1.0,445733,1
540,MAIN RESERVETANK SIZE 16LFM-2001-3,True,MAIN RESERVE,TANK SIZE 16L,FM-200,3.0,ANSUL,FM-200-SRL,"FM-200 Agent,",c/u.,2.0,453646,1
541,MAIN RESERVETANK SIZE 16LFM-2001-4,True,MAIN RESERVE,TANK SIZE 16L,FM-200,4.0,ANSUL,570055,"Gauge, Cylinder Valve FM-200",c/u.,1.0,570055,1
542,MAIN RESERVETANK SIZE 16LFM-2001-5,True,MAIN RESERVE,TANK SIZE 16L,FM-200,5.0,ANSUL,314205321,Label FM-200 8/16/52L UL/FM,c/u.,1.0,314205321,1
543,MAIN RESERVETANK SIZE 16LFM-2001-6,True,MAIN RESERVE,TANK SIZE 16L,FM-200,6.0,ANSUL,570585,Cylinder Low Pressure Switch,c/u.,1.0,570585,1
544,MAIN RESERVETANK SIZE 16LFM-2001-7,True,MAIN RESERVE,TANK SIZE 16L,FM-200,7.0,ANSUL,304205030,Electric Actuator Shipping Assembly,c/u.,1.0,304205030,1
545,MAIN RESERVETANK SIZE 16LFM-2001-8,True,MAIN RESERVE,TANK SIZE 16L,FM-200,8.0,ANSUL,A1638150HY,Local Manual Actuator,c/u.,1.0,A1638150HY,1
546,MAIN RESERVETANK SIZE 16LFM-2001-9,True,MAIN RESERVE,TANK SIZE 16L,FM-200,9.0,ANSUL,570085-R2,"Tank Bracket Assembly (Fits 20, 50 & 90 lb. Tanks)",c/u.,2.0,570085-R2,1
547,MAIN RESERVETANK SIZE 16LFM-2001-10,True,MAIN RESERVE,TANK SIZE 16L,FM-200,10.0,ANSUL,76496,"switch main reserve, surface mount",c/u.,1.0,76496,1
548,MAIN RESERVETANK SIZE 16LFM-2001-11,True,MAIN RESERVE,TANK SIZE 16L,FM-200,11.0,ANSUL,570566,"Manifold Check Valve, 1 in.",c/u.,2.0,570566,1
549,MAIN RESERVETANK SIZE 16LFM-2001-12,True,MAIN RESERVE,TANK SIZE 16L,FM-200,12.0,ANSUL,570539-R2,"Flexible Discharge Hose, 1 in.",c/u.,2.0,570539-R2,1
550,MAIN RESERVETANK SIZE 16LFM-2001-13,True,MAIN RESERVE,TANK SIZE 16L,FM-200,13.0,,,,,,,1
551,MAIN RESERVETANK SIZE 16LFM-2001-14,True,MAIN RESERVE,TANK SIZE 16L,FM-200,14.0,ANSUL,570550,Pneumatic Actuator,c/u.,0.0,570550,1
552,MAIN RESERVETANK SIZE 16LFM-2001-15,True,MAIN RESERVE,TANK SIZE 16L,FM-200,15.0,ANSUL,32338,"Male Straight Connector, 7/16 - 20 x 1/4 in. NPT",c/u.,0.0,32338,1
553,MAIN RESERVETANK SIZE 16LFM-2001-16,True,MAIN RESERVE,TANK SIZE 16L,FM-200,16.0,ANSUL,31810,"Male Elbow, 7/16-20 x 1/4 in. NPT",c/u.,0.0,31810,1
554,MAIN RESERVETANK SIZE 16LFM-2001-17,True,MAIN RESERVE,TANK SIZE 16L,FM-200,17.0,ANSUL,32336,"Actuation Hose, Swivel, Stainless Braided, 24 in., 1/4 in. Female",c/u.,0.0,32336,1
555,MAIN RESERVETANK SIZE 16LFM-2001-18,True,MAIN RESERVE,TANK SIZE 16L,FM-200,18.0,ANSUL,31811,"Male Tee, 7/16 - 20 x 1/4 in. NPT",c/u.,0.0,31811,1
557,MAIN RESERVETANK SIZE 32LFM-2001-1,True,MAIN RESERVE,TANK SIZE 32L,FM-200,1.0,ANSUL,AGLIMP-RECARGA-00,SERVICIO DE CARGA DE AGENTE 32L,c/u.,1.0,32L CARGA,1
558,MAIN RESERVETANK SIZE 32LFM-2001-2,True,MAIN RESERVE,TANK SIZE 32L,FM-200,2.0,ANSUL,445734,"TANK SIZE 32L, Fill: 36-70 lb.",c/u.,1.0,445734,1
559,MAIN RESERVETANK SIZE 32LFM-2001-3,True,MAIN RESERVE,TANK SIZE 32L,FM-200,3.0,ANSUL,FM-200-SRL,"FM-200 Agent,",c/u.,2.0,453646,1
560,MAIN RESERVETANK SIZE 32LFM-2001-4,True,MAIN RESERVE,TANK SIZE 32L,FM-200,4.0,ANSUL,570055,"Gauge, Cylinder Valve FM-200",c/u.,1.0,570055,1
561,MAIN RESERVETANK SIZE 32LFM-2001-5,True,MAIN RESERVE,TANK SIZE 32L,FM-200,5.0,ANSUL,314205314,Label FM-200 32/106/147/180/343L UL/FM,c/u.,1.0,314205314,1
562,MAIN RESERVETANK SIZE 32LFM-2001-6,True,MAIN RESERVE,TANK SIZE 32L,FM-200,6.0,ANSUL,570585,Cylinder Low Pressure Switch,c/u.,1.0,570585,1
563,MAIN RESERVETANK SIZE 32LFM-2001-7,True,MAIN RESERVE,TANK SIZE 32L,FM-200,7.0,ANSUL,304205030,Electric Actuator Shipping Assembly,c/u.,1.0,304205030,1
564,MAIN RESERVETANK SIZE 32LFM-2001-8,True,MAIN RESERVE,TANK SIZE 32L,FM-200,8.0,ANSUL,A1638150HY,Local Manual Actuator,c/u.,1.0,A1638150HY,1
565,MAIN RESERVETANK SIZE 32LFM-2001-9,True,MAIN RESERVE,TANK SIZE 32L,FM-200,9.0,ANSUL,570085-R2,"Tank Bracket Assembly (Fits 20, 50 & 90 lb. Tanks)",c/u.,2.0,570085-R2,1
566,MAIN RESERVETANK SIZE 32LFM-2001-10,True,MAIN RESERVE,TANK SIZE 32L,FM-200,10.0,ANSUL,76496,"switch main reserve, surface mount",c/u.,1.0,76496,1
567,MAIN RESERVETANK SIZE 32LFM-2001-11,True,MAIN RESERVE,TANK SIZE 32L,FM-200,11.0,ANSUL,570566,"Manifold Check Valve, 1 in.",c/u.,2.0,570566,1
568,MAIN RESERVETANK SIZE 32LFM-2001-12,True,MAIN RESERVE,TANK SIZE 32L,FM-200,12.0,ANSUL,570539-R2,"Flexible Discharge Hose, 1 in.",c/u.,2.0,570539-R2,1
569,MAIN RESERVETANK SIZE 32LFM-2001-13,True,MAIN RESERVE,TANK SIZE 32L,FM-200,13.0,,,,,,,1
570,MAIN RESERVETANK SIZE 32LFM-2001-14,True,MAIN RESERVE,TANK SIZE 32L,FM-200,14.0,ANSUL,570550,Pneumatic Actuator,c/u.,0.0,570550,1
571,MAIN RESERVETANK SIZE 32LFM-2001-15,True,MAIN RESERVE,TANK SIZE 32L,FM-200,15.0,ANSUL,32338,"Male Straight Connector, 7/16 - 20 x 1/4 in. NPT",c/u.,0.0,32338,1
572,MAIN RESERVETANK SIZE 32LFM-2001-16,True,MAIN RESERVE,TANK SIZE 32L,FM-200,16.0,ANSUL,31810,"Male Elbow, 7/16-20 x 1/4 in. NPT",c/u.,0.0,31810,1
573,MAIN RESERVETANK SIZE 32LFM-2001-17,True,MAIN RESERVE,TANK SIZE 32L,FM-200,17.0,ANSUL,32336,"Actuation Hose, Swivel, Stainless Braided, 24 in., 1/4 in. Female",c/u.,0.0,32336,1
574,MAIN RESERVETANK SIZE 32LFM-2001-18,True,MAIN RESERVE,TANK SIZE 32L,FM-200,18.0,ANSUL,31811,"Male Tee, 7/16 - 20 x 1/4 in. NPT",c/u.,0.0,31811,1
576,MAIN RESERVETANK SIZE 52LFM-2001-1,True,MAIN RESERVE,TANK SIZE 52L,FM-200,1.0,ANSUL,AGLIMP-RECARGA-00,SERVICIO DE CARGA DE AGENTE 52L,c/u.,1.0,52L CARGA,1
577,MAIN RESERVETANK SIZE 52LFM-2001-2,True,MAIN RESERVE,TANK SIZE 52L,FM-200,2.0,ANSUL,445735,"TANK SIZE 52L, Fill: 58-114 lb.",c/u.,1.0,445735,1
578,MAIN RESERVETANK SIZE 52LFM-2001-3,True,MAIN RESERVE,TANK SIZE 52L,FM-200,3.0,ANSUL,FM-200-SRL,"FM-200 Agent,",c/u.,2.0,453646,1
579,MAIN RESERVETANK SIZE 52LFM-2001-4,True,MAIN RESERVE,TANK SIZE 52L,FM-200,4.0,ANSUL,570055,"Gauge, Cylinder Valve FM-200",c/u.,1.0,570055,1
580,MAIN RESERVETANK SIZE 52LFM-2001-5,True,MAIN RESERVE,TANK SIZE 52L,FM-200,5.0,ANSUL,314205321,Label FM-200 8/16/52L UL/FM,c/u.,1.0,314205321,1
581,MAIN RESERVETANK SIZE 52LFM-2001-6,True,MAIN RESERVE,TANK SIZE 52L,FM-200,6.0,ANSUL,570585,Cylinder Low Pressure Switch,c/u.,1.0,570585,1
582,MAIN RESERVETANK SIZE 52LFM-2001-7,True,MAIN RESERVE,TANK SIZE 52L,FM-200,7.0,ANSUL,304205030,Electric Actuator Shipping Assembly,c/u.,1.0,304205030,1
583,MAIN RESERVETANK SIZE 52LFM-2001-8,True,MAIN RESERVE,TANK SIZE 52L,FM-200,8.0,ANSUL,A1638150HY,Local Manual Actuator,c/u.,1.0,A1638150HY,1
584,MAIN RESERVETANK SIZE 52LFM-2001-9,True,MAIN RESERVE,TANK SIZE 52L,FM-200,9.0,ANSUL,570092-R2,"Tank Bracket Assembly (Fits 140, 280, 390 & 450 lb. Tanks)",c/u.,2.0,570092-R2,1
585,MAIN RESERVETANK SIZE 52LFM-2001-10,True,MAIN RESERVE,TANK SIZE 52L,FM-200,10.0,ANSUL,76496,"switch main reserve, surface mount",c/u.,1.0,76496,1
586,MAIN RESERVETANK SIZE 52LFM-2001-11,True,MAIN RESERVE,TANK SIZE 52L,FM-200,11.0,ANSUL,570568,"Manifold Check Valve, 2 in.",c/u.,2.0,570568,1
587,MAIN RESERVETANK SIZE 52LFM-2001-12,True,MAIN RESERVE,TANK SIZE 52L,FM-200,12.0,ANSUL,570538-R2,"Flexible Discharge Hose, 2 in.",c/u.,2.0,570538-R2,1
588,MAIN RESERVETANK SIZE 52LFM-2001-13,True,MAIN RESERVE,TANK SIZE 52L,FM-200,13.0,,,,,,,1
589,MAIN RESERVETANK SIZE 52LFM-2001-14,True,MAIN RESERVE,TANK SIZE 52L,FM-200,14.0,ANSUL,570550,Pneumatic Actuator,c/u.,0.0,570550,1
590,MAIN RESERVETANK SIZE 52LFM-2001-15,True,MAIN RESERVE,TANK SIZE 52L,FM-200,15.0,ANSUL,32338,"Male Straight Connector, 7/16 - 20 x 1/4 in. NPT",c/u.,0.0,32338,1
591,MAIN RESERVETANK SIZE 52LFM-2001-16,True,MAIN RESERVE,TANK SIZE 52L,FM-200,16.0,ANSUL,31810,"Male Elbow, 7/16-20 x 1/4 in. NPT",c/u.,0.0,31810,1
592,MAIN RESERVETANK SIZE 52LFM-2001-17,True,MAIN RESERVE,TANK SIZE 52L,FM-200,17.0,ANSUL,32336,"Actuation Hose, Swivel, Stainless Braided, 24 in., 1/4 in. Female",c/u.,0.0,32336,1
593,MAIN RESERVETANK SIZE 52LFM-2001-18,True,MAIN RESERVE,TANK SIZE 52L,FM-200,18.0,ANSUL,31811,"Male Tee, 7/16 - 20 x 1/4 in. NPT",c/u.,0.0,31811,1
595,MAIN RESERVETANK SIZE 106LFM-2001-1,True,MAIN RESERVE,TANK SIZE 106L,FM-200,1.0,ANSUL,AGLIMP-RECARGA-00,SERVICIO DE CARGA DE AGENTE 106L,c/u.,1.0,106L CARGA,1
596,MAIN RESERVETANK SIZE 106LFM-2001-2,True,MAIN RESERVE,TANK SIZE 106L,FM-200,2.0,ANSUL,445736,"TANK SIZE 106L, Fill: 117-233 lb",c/u.,1.0,445736,1
597,MAIN RESERVETANK SIZE 106LFM-2001-3,True,MAIN RESERVE,TANK SIZE 106L,FM-200,3.0,ANSUL,FM-200-SRL,"FM-200 Agent,",c/u.,2.0,453646,1
598,MAIN RESERVETANK SIZE 106LFM-2001-4,True,MAIN RESERVE,TANK SIZE 106L,FM-200,4.0,ANSUL,570055,"Gauge, Cylinder Valve FM-200",c/u.,1.0,570055,1
599,MAIN RESERVETANK SIZE 106LFM-2001-5,True,MAIN RESERVE,TANK SIZE 106L,FM-200,5.0,ANSUL,314205314,Label FM-200 32/106/147/180/343L UL/FM,c/u.,1.0,314205314,1
600,MAIN RESERVETANK SIZE 106LFM-2001-6,True,MAIN RESERVE,TANK SIZE 106L,FM-200,6.0,ANSUL,570585,Cylinder Low Pressure Switch,c/u.,1.0,570585,1
601,MAIN RESERVETANK SIZE 106LFM-2001-7,True,MAIN RESERVE,TANK SIZE 106L,FM-200,7.0,ANSUL,304205030,Electric Actuator Shipping Assembly,c/u.,1.0,304205030,1
602,MAIN RESERVETANK SIZE 106LFM-2001-8,True,MAIN RESERVE,TANK SIZE 106L,FM-200,8.0,ANSUL,A1638150HY,Local Manual Actuator,c/u.,1.0,A1638150HY,1
603,MAIN RESERVETANK SIZE 106LFM-2001-9,True,MAIN RESERVE,TANK SIZE 106L,FM-200,9.0,ANSUL,570092-R2,"Tank Bracket Assembly (Fits 140, 280, 390 & 450 lb. Tanks)",c/u.,2.0,570092-R2,1
604,MAIN RESERVETANK SIZE 106LFM-2001-10,True,MAIN RESERVE,TANK SIZE 106L,FM-200,10.0,ANSUL,76496,"switch main reserve, surface mount",c/u.,1.0,76496,1
605,MAIN RESERVETANK SIZE 106LFM-2001-11,True,MAIN RESERVE,TANK SIZE 106L,FM-200,11.0,ANSUL,570568,"Manifold Check Valve, 2 in.",c/u.,2.0,570568,1
606,MAIN RESERVETANK SIZE 106LFM-2001-12,True,MAIN RESERVE,TANK SIZE 106L,FM-200,12.0,ANSUL,570538-R2,"Flexible Discharge Hose, 2 in.",c/u.,2.0,570538-R2,1
607,MAIN RESERVETANK SIZE 106LFM-2001-13,True,MAIN RESERVE,TANK SIZE 106L,FM-200,13.0,,,,,,,1
608,MAIN RESERVETANK SIZE 106LFM-2001-14,True,MAIN RESERVE,TANK SIZE 106L,FM-200,14.0,ANSUL,570550,Pneumatic Actuator,c/u.,0.0,570550,1
609,MAIN RESERVETANK SIZE 106LFM-2001-15,True,MAIN RESERVE,TANK SIZE 106L,FM-200,15.0,ANSUL,32338,"Male Straight Connector, 7/16 - 20 x 1/4 in. NPT",c/u.,0.0,32338,1
610,MAIN RESERVETANK SIZE 106LFM-2001-16,True,MAIN RESERVE,TANK SIZE 106L,FM-200,16.0,ANSUL,31810,"Male Elbow, 7/16-20 x 1/4 in. NPT",c/u.,0.0,31810,1
611,MAIN RESERVETANK SIZE 106LFM-2001-17,True,MAIN RESERVE,TANK SIZE 106L,FM-200,17.0,ANSUL,32336,"Actuation Hose, Swivel, Stainless Braided, 24 in., 1/4 in. Female",c/u.,0.0,32336,1
612,MAIN RESERVETANK SIZE 106LFM-2001-18,True,MAIN RESERVE,TANK SIZE 106L,FM-200,18.0,ANSUL,31811,"Male Tee, 7/16 - 20 x 1/4 in. NPT",c/u.,0.0,31811,1
613,MAIN RESERVETANK SIZE 106LFM-2001-19,True,MAIN RESERVE,TANK SIZE 106L,FM-200,19.0,,,,,,,1
614,MAIN RESERVETANK SIZE 106LFM-2001-20,True,MAIN RESERVE,TANK SIZE 106L,FM-200,20.0,ANSUL,570277,"Liquid Level Indicator (For 280 lb. Tank), 32 in.",c/u.,1.0,570277,1
616,MAIN RESERVETANK SIZE 147LFM-2001-1,True,MAIN RESERVE,TANK SIZE 147L,FM-200,1.0,ANSUL,AGLIMP-RECARGA-00,SERVICIO DE CARGA DE AGENTE 147L,c/u.,1.0,147L CARGA,1
617,MAIN RESERVETANK SIZE 147LFM-2001-2,True,MAIN RESERVE,TANK SIZE 147L,FM-200,2.0,ANSUL,445737,"TANK SIZE 147L, Fill: 163-324 lb.",c/u.,1.0,445737,1
618,MAIN RESERVETANK SIZE 147LFM-2001-3,True,MAIN RESERVE,TANK SIZE 147L,FM-200,3.0,ANSUL,FM-200-SRL,"FM-200 Agent,",c/u.,2.0,453646,1
619,MAIN RESERVETANK SIZE 147LFM-2001-4,True,MAIN RESERVE,TANK SIZE 147L,FM-200,4.0,ANSUL,570055,"Gauge, Cylinder Valve FM-200",c/u.,1.0,570055,1
620,MAIN RESERVETANK SIZE 147LFM-2001-5,True,MAIN RESERVE,TANK SIZE 147L,FM-200,5.0,ANSUL,314205314,Label FM-200 32/106/147/180/343L UL/FM,c/u.,1.0,314205314,1
621,MAIN RESERVETANK SIZE 147LFM-2001-6,True,MAIN RESERVE,TANK SIZE 147L,FM-200,6.0,ANSUL,570585,Cylinder Low Pressure Switch,c/u.,1.0,570585,1
622,MAIN RESERVETANK SIZE 147LFM-2001-7,True,MAIN RESERVE,TANK SIZE 147L,FM-200,7.0,ANSUL,304205030,Electric Actuator Shipping Assembly,c/u.,1.0,304205030,1
623,MAIN RESERVETANK SIZE 147LFM-2001-8,True,MAIN RESERVE,TANK SIZE 147L,FM-200,8.0,ANSUL,A1638150HY,Local Manual Actuator,c/u.,1.0,A1638150HY,1
624,MAIN RESERVETANK SIZE 147LFM-2001-9,True,MAIN RESERVE,TANK SIZE 147L,FM-200,9.0,ANSUL,570092-R2,"Tank Bracket Assembly (Fits 140, 280, 390 & 450 lb. Tanks)",c/u.,2.0,570092-R2,1
625,MAIN RESERVETANK SIZE 147LFM-2001-10,True,MAIN RESERVE,TANK SIZE 147L,FM-200,10.0,ANSUL,76496,"switch main reserve, surface mount",c/u.,1.0,76496,1
626,MAIN RESERVETANK SIZE 147LFM-2001-11,True,MAIN RESERVE,TANK SIZE 147L,FM-200,11.0,ANSUL,570568,"Manifold Check Valve, 2 in.",c/u.,2.0,570568,1
627,MAIN RESERVETANK SIZE 147LFM-2001-12,True,MAIN RESERVE,TANK SIZE 147L,FM-200,12.0,ANSUL,570538-R2,"Flexible Discharge Hose, 2 in.",c/u.,2.0,570538-R2,1
628,MAIN RESERVETANK SIZE 147LFM-2001-13,True,MAIN RESERVE,TANK SIZE 147L,FM-200,13.0,,,,,,,1
629,MAIN RESERVETANK SIZE 147LFM-2001-14,True,MAIN RESERVE,TANK SIZE 147L,FM-200,14.0,ANSUL,570550,Pneumatic Actuator,c/u.,0.0,570550,1
630,MAIN RESERVETANK SIZE 147LFM-2001-15,True,MAIN RESERVE,TANK SIZE 147L,FM-200,15.0,ANSUL,32338,"Male Straight Connector, 7/16 - 20 x 1/4 in. NPT",c/u.,0.0,32338,1
631,MAIN RESERVETANK SIZE 147LFM-2001-16,True,MAIN RESERVE,TANK SIZE 147L,FM-200,16.0,ANSUL,31810,"Male Elbow, 7/16-20 x 1/4 in. NPT",c/u.,0.0,31810,1
632,MAIN RESERVETANK SIZE 147LFM-2001-17,True,MAIN RESERVE,TANK SIZE 147L,FM-200,17.0,ANSUL,32336,"Actuation Hose, Swivel, Stainless Braided, 24 in., 1/4 in. Female",c/u.,0.0,32336,1
633,MAIN RESERVETANK SIZE 147LFM-2001-18,True,MAIN RESERVE,TANK SIZE 147L,FM-200,18.0,ANSUL,31811,"Male Tee, 7/16 - 20 x 1/4 in. NPT",c/u.,0.0,31811,1
634,MAIN RESERVETANK SIZE 147LFM-2001-19,True,MAIN RESERVE,TANK SIZE 147L,FM-200,19.0,,,,,,,1
635,MAIN RESERVETANK SIZE 147LFM-2001-20,True,MAIN RESERVE,TANK SIZE 147L,FM-200,20.0,ANSUL,570278,"Liquid Level Indicator (For 390 & 850 lb. Tanks), 43 in.",c/u.,1.0,570278,1
637,MAIN RESERVETANK SIZE 180LFM-2001-1,True,MAIN RESERVE,TANK SIZE 180L,FM-200,1.0,ANSUL,AGLIMP-RECARGA-00,SERVICIO DE CARGA DE AGENTE 180L,c/u.,1.0,180L CARGA,1
638,MAIN RESERVETANK SIZE 180LFM-2001-2,True,MAIN RESERVE,TANK SIZE 180L,FM-200,2.0,ANSUL,445738,"TANK SIZE 180L, Fill: 199-396 lb.",c/u.,1.0,445738,1
639,MAIN RESERVETANK SIZE 180LFM-2001-3,True,MAIN RESERVE,TANK SIZE 180L,FM-200,3.0,ANSUL,FM-200-SRL,"FM-200 Agent,",c/u.,2.0,453646,1
640,MAIN RESERVETANK SIZE 180LFM-2001-4,True,MAIN RESERVE,TANK SIZE 180L,FM-200,4.0,ANSUL,570055,"Gauge, Cylinder Valve FM-200",c/u.,1.0,570055,1
641,MAIN RESERVETANK SIZE 180LFM-2001-5,True,MAIN RESERVE,TANK SIZE 180L,FM-200,5.0,ANSUL,314205314,Label FM-200 32/106/147/180/343L UL/FM,c/u.,1.0,314205314,1
642,MAIN RESERVETANK SIZE 180LFM-2001-6,True,MAIN RESERVE,TANK SIZE 180L,FM-200,6.0,ANSUL,570585,Cylinder Low Pressure Switch,c/u.,1.0,570585,1
643,MAIN RESERVETANK SIZE 180LFM-2001-7,True,MAIN RESERVE,TANK SIZE 180L,FM-200,7.0,ANSUL,304205030,Electric Actuator Shipping Assembly,c/u.,1.0,304205030,1
644,MAIN RESERVETANK SIZE 180LFM-2001-8,True,MAIN RESERVE,TANK SIZE 180L,FM-200,8.0,ANSUL,A1638150HY,Local Manual Actuator,c/u.,1.0,A1638150HY,1
645,MAIN RESERVETANK SIZE 180LFM-2001-9,True,MAIN RESERVE,TANK SIZE 180L,FM-200,9.0,ANSUL,570092-R2,"Tank Bracket Assembly (Fits 140, 280, 390 & 450 lb. Tanks)",c/u.,2.0,570092-R2,1
646,MAIN RESERVETANK SIZE 180LFM-2001-10,True,MAIN RESERVE,TANK SIZE 180L,FM-200,10.0,ANSUL,76496,"switch main reserve, surface mount",c/u.,1.0,76496,1
647,MAIN RESERVETANK SIZE 180LFM-2001-11,True,MAIN RESERVE,TANK SIZE 180L,FM-200,11.0,ANSUL,570568,"Manifold Check Valve, 2 in.",c/u.,2.0,570568,1
648,MAIN RESERVETANK SIZE 180LFM-2001-12,True,MAIN RESERVE,TANK SIZE 180L,FM-200,12.0,ANSUL,570538-R2,"Flexible Discharge Hose, 2 in.",c/u.,2.0,570538-R2,1
649,MAIN RESERVETANK SIZE 180LFM-2001-13,True,MAIN RESERVE,TANK SIZE 180L,FM-200,13.0,,,,,,,1
650,MAIN RESERVETANK SIZE 180LFM-2001-14,True,MAIN RESERVE,TANK SIZE 180L,FM-200,14.0,ANSUL,570550,Pneumatic Actuator,c/u.,0.0,570550,1
651,MAIN RESERVETANK SIZE 180LFM-2001-15,True,MAIN RESERVE,TANK SIZE 180L,FM-200,15.0,ANSUL,32338,"Male Straight Connector, 7/16 - 20 x 1/4 in. NPT",c/u.,0.0,32338,1
652,MAIN RESERVETANK SIZE 180LFM-2001-16,True,MAIN RESERVE,TANK SIZE 180L,FM-200,16.0,ANSUL,31810,"Male Elbow, 7/16-20 x 1/4 in. NPT",c/u.,0.0,31810,1
653,MAIN RESERVETANK SIZE 180LFM-2001-17,True,MAIN RESERVE,TANK SIZE 180L,FM-200,17.0,ANSUL,32336,"Actuation Hose, Swivel, Stainless Braided, 24 in., 1/4 in. Female",c/u.,0.0,32336,1
654,MAIN RESERVETANK SIZE 180LFM-2001-18,True,MAIN RESERVE,TANK SIZE 180L,FM-200,18.0,ANSUL,31811,"Male Tee, 7/16 - 20 x 1/4 in. NPT",c/u.,0.0,31811,1
655,MAIN RESERVETANK SIZE 180LFM-2001-19,True,MAIN RESERVE,TANK SIZE 180L,FM-200,19.0,,,,,,,1
656,MAIN RESERVETANK SIZE 180LFM-2001-20,True,MAIN RESERVE,TANK SIZE 180L,FM-200,20.0,ANSUL,570278,"Liquid Level Indicator (For 390 & 850 lb. Tanks), 43 in.",c/u.,1.0,570278,1
658,MAIN RESERVETANK SIZE 343LFM-2001-1,True,MAIN RESERVE,TANK SIZE 343L,FM-200,1.0,ANSUL,AGLIMP-RECARGA-00,SERVICIO DE CARGA DE AGENTE 343L,c/u.,1.0,343L CARGA,1
659,MAIN RESERVETANK SIZE 343LFM-2001-2,True,MAIN RESERVE,TANK SIZE 343L,FM-200,2.0,ANSUL,445739,"TANK SIZE 343L, Fill: 379-756 lb.",c/u.,1.0,445739,1
660,MAIN RESERVETANK SIZE 343LFM-2001-3,True,MAIN RESERVE,TANK SIZE 343L,FM-200,3.0,ANSUL,FM-200-SRL,"FM-200 Agent,",c/u.,2.0,453646,1
661,MAIN RESERVETANK SIZE 343LFM-2001-4,True,MAIN RESERVE,TANK SIZE 343L,FM-200,4.0,ANSUL,570055,"Gauge, Cylinder Valve FM-200",c/u.,1.0,570055,1
662,MAIN RESERVETANK SIZE 343LFM-2001-5,True,MAIN RESERVE,TANK SIZE 343L,FM-200,5.0,ANSUL,314205314,Label FM-200 32/106/147/180/343L UL/FM,c/u.,1.0,314205314,1
663,MAIN RESERVETANK SIZE 343LFM-2001-6,True,MAIN RESERVE,TANK SIZE 343L,FM-200,6.0,ANSUL,570585,Cylinder Low Pressure Switch,c/u.,1.0,570585,1
664,MAIN RESERVETANK SIZE 343LFM-2001-7,True,MAIN RESERVE,TANK SIZE 343L,FM-200,7.0,ANSUL,304205030,Electric Actuator Shipping Assembly,c/u.,1.0,304205030,1
665,MAIN RESERVETANK SIZE 343LFM-2001-8,True,MAIN RESERVE,TANK SIZE 343L,FM-200,8.0,ANSUL,A1638150HY,Local Manual Actuator,c/u.,1.0,A1638150HY,1
666,MAIN RESERVETANK SIZE 343LFM-2001-9,True,MAIN RESERVE,TANK SIZE 343L,FM-200,9.0,ANSUL,570336-R2,Tank Bracket Assembly (Fits 850 lb. Tank),c/u.,2.0,570336-R2,1
667,MAIN RESERVETANK SIZE 343LFM-2001-10,True,MAIN RESERVE,TANK SIZE 343L,FM-200,10.0,ANSUL,76496,"switch main reserve, surface mount",c/u.,1.0,76496,1
668,MAIN RESERVETANK SIZE 343LFM-2001-11,True,MAIN RESERVE,TANK SIZE 343L,FM-200,11.0,ANSUL,69841-R2,"Discharge Hose/Check Valve Assembly, 3 in.",c/u.,1.0,69841-R2,1
669,MAIN RESERVETANK SIZE 343LFM-2001-12,True,MAIN RESERVE,TANK SIZE 343L,FM-200,12.0,,,,,,,1
670,MAIN RESERVETANK SIZE 343LFM-2001-13,True,MAIN RESERVE,TANK SIZE 343L,FM-200,13.0,ANSUL,570550,Pneumatic Actuator,c/u.,0.0,570550,1
671,MAIN RESERVETANK SIZE 343LFM-2001-14,True,MAIN RESERVE,TANK SIZE 343L,FM-200,14.0,ANSUL,32338,"Male Straight Connector, 7/16 - 20 x 1/4 in. NPT",c/u.,0.0,32338,1
672,MAIN RESERVETANK SIZE 343LFM-2001-15,True,MAIN RESERVE,TANK SIZE 343L,FM-200,15.0,ANSUL,31810,"Male Elbow, 7/16-20 x 1/4 in. NPT",c/u.,0.0,31810,1
673,MAIN RESERVETANK SIZE 343LFM-2001-16,True,MAIN RESERVE,TANK SIZE 343L,FM-200,16.0,ANSUL,32336,"Actuation Hose, Swivel, Stainless Braided, 24 in., 1/4 in. Female",c/u.,0.0,32336,1
674,MAIN RESERVETANK SIZE 343LFM-2001-17,True,MAIN RESERVE,TANK SIZE 343L,FM-200,17.0,ANSUL,31811,"Male Tee, 7/16 - 20 x 1/4 in. NPT",c/u.,0.0,31811,1
675,MAIN RESERVETANK SIZE 343LFM-2001-18,True,MAIN RESERVE,TANK SIZE 343L,FM-200,18.0,,,,,,,1
676,MAIN RESERVETANK SIZE 343LFM-2001-19,True,MAIN RESERVE,TANK SIZE 343L,FM-200,19.0,ANSUL,570278,"Liquid Level Indicator (For 390 & 850 lb. Tanks), 43 in.",c/u.,1.0,570278,1
678,MAIN RESERVETANK SIZE 8LFK-5-1-121-1,True,MAIN RESERVE,TANK SIZE 8L,FK-5-1-12,1.0,ANSUL,AGLIMP-RECARGA-00,SERVICIO DE CARGA DE AGENTE 8L,c/u.,1.0,8L CARGA,1
679,MAIN RESERVETANK SIZE 8LFK-5-1-121-2,True,MAIN RESERVE,TANK SIZE 8L,FK-5-1-12,2.0,ANSUL,445732,"TANK SIZE 8L, Fill: 9-21 lb.",c/u.,1.0,445732,1
680,MAIN RESERVETANK SIZE 8LFK-5-1-121-3,True,MAIN RESERVE,TANK SIZE 8L,FK-5-1-12,3.0,ANSUL,FK-5-1-12,FK-5-1-12  FLUID FACTORY FILL PER L,c/u.,2.0,FK-5-1-12,1
681,MAIN RESERVETANK SIZE 8LFK-5-1-121-4,True,MAIN RESERVE,TANK SIZE 8L,FK-5-1-12,4.0,ANSUL,302207021,"Pressure Gauge, FK-5-1-12",c/u.,1.0,302207021,1
682,MAIN RESERVETANK SIZE 8LFK-5-1-121-5,True,MAIN RESERVE,TANK SIZE 8L,FK-5-1-12,5.0,ANSUL,314207207,SAPPHIRE Label 8/16/52L UL/FM,c/u.,1.0,314207207,1
683,MAIN RESERVETANK SIZE 8LFK-5-1-121-6,True,MAIN RESERVE,TANK SIZE 8L,FK-5-1-12,6.0,ANSUL,570585,Cylinder Low Pressure Switch,c/u.,1.0,570585,1
684,MAIN RESERVETANK SIZE 8LFK-5-1-121-7,True,MAIN RESERVE,TANK SIZE 8L,FK-5-1-12,7.0,ANSUL,304205030,Electric Actuator Shipping Assembly,c/u.,1.0,304205030,1
685,MAIN RESERVETANK SIZE 8LFK-5-1-121-8,True,MAIN RESERVE,TANK SIZE 8L,FK-5-1-12,8.0,ANSUL,A1638150HY,Local Manual Actuator,c/u.,1.0,A1638150HY,1
686,MAIN RESERVETANK SIZE 8LFK-5-1-121-9,True,MAIN RESERVE,TANK SIZE 8L,FK-5-1-12,9.0,ANSUL,570085-R2,"Tank Bracket Assembly (Fits 20, 50 & 90 lb. Tanks)",c/u.,1.0,570085-R2,1
687,MAIN RESERVETANK SIZE 8LFK-5-1-121-10,True,MAIN RESERVE,TANK SIZE 8L,FK-5-1-12,10.0,ANSUL,76496,"switch main reserve, surface mount",c/u.,1.0,76496,1
688,MAIN RESERVETANK SIZE 8LFK-5-1-121-11,True,MAIN RESERVE,TANK SIZE 8L,FK-5-1-12,11.0,ANSUL,570566,"Manifold Check Valve, 1 in.",c/u.,2.0,570566,1
689,MAIN RESERVETANK SIZE 8LFK-5-1-121-12,True,MAIN RESERVE,TANK SIZE 8L,FK-5-1-12,12.0,ANSUL,570539-R2,"Flexible Discharge Hose, 1 in.",c/u.,2.0,570539-R2,1
690,MAIN RESERVETANK SIZE 8LFK-5-1-121-13,True,MAIN RESERVE,TANK SIZE 8L,FK-5-1-12,13.0,,,,,,,1
691,MAIN RESERVETANK SIZE 8LFK-5-1-121-14,True,MAIN RESERVE,TANK SIZE 8L,FK-5-1-12,14.0,ANSUL,570550,Pneumatic Actuator,c/u.,0.0,570550,1
692,MAIN RESERVETANK SIZE 8LFK-5-1-121-15,True,MAIN RESERVE,TANK SIZE 8L,FK-5-1-12,15.0,ANSUL,32338,"Male Straight Connector, 7/16 - 20 x 1/4 in. NPT",c/u.,0.0,32338,1
693,MAIN RESERVETANK SIZE 8LFK-5-1-121-16,True,MAIN RESERVE,TANK SIZE 8L,FK-5-1-12,16.0,ANSUL,31810,"Male Elbow, 7/16-20 x 1/4 in. NPT",c/u.,0.0,31810,1
694,MAIN RESERVETANK SIZE 8LFK-5-1-121-17,True,MAIN RESERVE,TANK SIZE 8L,FK-5-1-12,17.0,ANSUL,32336,"Actuation Hose, Swivel, Stainless Braided, 24 in., 1/4 in. Female",c/u.,0.0,32336,1
695,MAIN RESERVETANK SIZE 8LFK-5-1-121-18,True,MAIN RESERVE,TANK SIZE 8L,FK-5-1-12,18.0,ANSUL,31811,"Male Tee, 7/16 - 20 x 1/4 in. NPT",c/u.,0.0,31811,1
697,MAIN RESERVETANK SIZE 16LFK-5-1-121-1,True,MAIN RESERVE,TANK SIZE 16L,FK-5-1-12,1.0,ANSUL,AGLIMP-RECARGA-00,SERVICIO DE CARGA DE AGENTE 16L,c/u.,1.0,16L CARGA,1
698,MAIN RESERVETANK SIZE 16LFK-5-1-121-2,True,MAIN RESERVE,TANK SIZE 16L,FK-5-1-12,2.0,ANSUL,445733,"TANK SIZE 16L, Fill: 18 - 42 lbs.",c/u.,1.0,445733,1
699,MAIN RESERVETANK SIZE 16LFK-5-1-121-3,True,MAIN RESERVE,TANK SIZE 16L,FK-5-1-12,3.0,ANSUL,FK-5-1-12,FK-5-1-12  FLUID FACTORY FILL PER L,c/u.,2.0,FK-5-1-12,1
700,MAIN RESERVETANK SIZE 16LFK-5-1-121-4,True,MAIN RESERVE,TANK SIZE 16L,FK-5-1-12,4.0,ANSUL,302207021,"Pressure Gauge, FK-5-1-12",c/u.,1.0,302207021,1
701,MAIN RESERVETANK SIZE 16LFK-5-1-121-5,True,MAIN RESERVE,TANK SIZE 16L,FK-5-1-12,5.0,ANSUL,314207207,SAPPHIRE Label 8/16/52L UL/FM,c/u.,1.0,314207207,1
702,MAIN RESERVETANK SIZE 16LFK-5-1-121-6,True,MAIN RESERVE,TANK SIZE 16L,FK-5-1-12,6.0,ANSUL,570585,Cylinder Low Pressure Switch,c/u.,1.0,570585,1
703,MAIN RESERVETANK SIZE 16LFK-5-1-121-7,True,MAIN RESERVE,TANK SIZE 16L,FK-5-1-12,7.0,ANSUL,304205030,Electric Actuator Shipping Assembly,c/u.,1.0,304205030,1
704,MAIN RESERVETANK SIZE 16LFK-5-1-121-8,True,MAIN RESERVE,TANK SIZE 16L,FK-5-1-12,8.0,ANSUL,A1638150HY,Local Manual Actuator,c/u.,1.0,A1638150HY,1
705,MAIN RESERVETANK SIZE 16LFK-5-1-121-9,True,MAIN RESERVE,TANK SIZE 16L,FK-5-1-12,9.0,ANSUL,570085-R2,"Tank Bracket Assembly (Fits 20, 50 & 90 lb. Tanks)",c/u.,2.0,570085-R2,1
706,MAIN RESERVETANK SIZE 16LFK-5-1-121-10,True,MAIN RESERVE,TANK SIZE 16L,FK-5-1-12,10.0,ANSUL,76496,"switch main reserve, surface mount",c/u.,1.0,76496,1
707,MAIN RESERVETANK SIZE 16LFK-5-1-121-11,True,MAIN RESERVE,TANK SIZE 16L,FK-5-1-12,11.0,ANSUL,570566,"Manifold Check Valve, 1 in.",c/u.,2.0,570566,1
708,MAIN RESERVETANK SIZE 16LFK-5-1-121-12,True,MAIN RESERVE,TANK SIZE 16L,FK-5-1-12,12.0,ANSUL,570539-R2,"Flexible Discharge Hose, 1 in.",c/u.,2.0,570539-R2,1
709,MAIN RESERVETANK SIZE 16LFK-5-1-121-13,True,MAIN RESERVE,TANK SIZE 16L,FK-5-1-12,13.0,,,,,,,1
710,MAIN RESERVETANK SIZE 16LFK-5-1-121-14,True,MAIN RESERVE,TANK SIZE 16L,FK-5-1-12,14.0,ANSUL,570550,Pneumatic Actuator,c/u.,0.0,570550,1
711,MAIN RESERVETANK SIZE 16LFK-5-1-121-15,True,MAIN RESERVE,TANK SIZE 16L,FK-5-1-12,15.0,ANSUL,32338,"Male Straight Connector, 7/16 - 20 x 1/4 in. NPT",c/u.,0.0,32338,1
712,MAIN RESERVETANK SIZE 16LFK-5-1-121-16,True,MAIN RESERVE,TANK SIZE 16L,FK-5-1-12,16.0,ANSUL,31810,"Male Elbow, 7/16-20 x 1/4 in. NPT",c/u.,0.0,31810,1
713,MAIN RESERVETANK SIZE 16LFK-5-1-121-17,True,MAIN RESERVE,TANK SIZE 16L,FK-5-1-12,17.0,ANSUL,32336,"Actuation Hose, Swivel, Stainless Braided, 24 in., 1/4 in. Female",c/u.,0.0,32336,1
714,MAIN RESERVETANK SIZE 16LFK-5-1-121-18,True,MAIN RESERVE,TANK SIZE 16L,FK-5-1-12,18.0,ANSUL,31811,"Male Tee, 7/16 - 20 x 1/4 in. NPT",c/u.,0.0,31811,1
716,MAIN RESERVETANK SIZE 32LFK-5-1-121-1,True,MAIN RESERVE,TANK SIZE 32L,FK-5-1-12,1.0,ANSUL,AGLIMP-RECARGA-00,SERVICIO DE CARGA DE AGENTE 32L,c/u.,1.0,32L CARGA,1
717,MAIN RESERVETANK SIZE 32LFK-5-1-121-2,True,MAIN RESERVE,TANK SIZE 32L,FK-5-1-12,2.0,ANSUL,445734,"TANK SIZE 32L, Fill: 36 - 84 lbs.",c/u.,1.0,445734,1
718,MAIN RESERVETANK SIZE 32LFK-5-1-121-3,True,MAIN RESERVE,TANK SIZE 32L,FK-5-1-12,3.0,ANSUL,FK-5-1-12,FK-5-1-12  FLUID FACTORY FILL PER L,c/u.,2.0,FK-5-1-12,1
719,MAIN RESERVETANK SIZE 32LFK-5-1-121-4,True,MAIN RESERVE,TANK SIZE 32L,FK-5-1-12,4.0,ANSUL,302207021,"Pressure Gauge, FK-5-1-12",c/u.,1.0,302207021,1
720,MAIN RESERVETANK SIZE 32LFK-5-1-121-5,True,MAIN RESERVE,TANK SIZE 32L,FK-5-1-12,5.0,ANSUL,314207329,SAPPHIRE Label 32/106 a 343L UL/FM,c/u.,1.0,314207329,1
721,MAIN RESERVETANK SIZE 32LFK-5-1-121-6,True,MAIN RESERVE,TANK SIZE 32L,FK-5-1-12,6.0,ANSUL,570585,Cylinder Low Pressure Switch,c/u.,1.0,570585,1
722,MAIN RESERVETANK SIZE 32LFK-5-1-121-7,True,MAIN RESERVE,TANK SIZE 32L,FK-5-1-12,7.0,ANSUL,304205030,Electric Actuator Shipping Assembly,c/u.,1.0,304205030,1
723,MAIN RESERVETANK SIZE 32LFK-5-1-121-8,True,MAIN RESERVE,TANK SIZE 32L,FK-5-1-12,8.0,ANSUL,A1638150HY,Local Manual Actuator,c/u.,1.0,A1638150HY,1
724,MAIN RESERVETANK SIZE 32LFK-5-1-121-9,True,MAIN RESERVE,TANK SIZE 32L,FK-5-1-12,9.0,ANSUL,570085-R2,"Tank Bracket Assembly (Fits 20, 50 & 90 lb. Tanks)",c/u.,2.0,570085-R2,1
725,MAIN RESERVETANK SIZE 32LFK-5-1-121-10,True,MAIN RESERVE,TANK SIZE 32L,FK-5-1-12,10.0,ANSUL,76496,"switch main reserve, surface mount",c/u.,1.0,76496,1
726,MAIN RESERVETANK SIZE 32LFK-5-1-121-11,True,MAIN RESERVE,TANK SIZE 32L,FK-5-1-12,11.0,ANSUL,570566,"Manifold Check Valve, 1 in.",c/u.,2.0,570566,1
727,MAIN RESERVETANK SIZE 32LFK-5-1-121-12,True,MAIN RESERVE,TANK SIZE 32L,FK-5-1-12,12.0,ANSUL,570539-R2,"Flexible Discharge Hose, 1 in.",c/u.,2.0,570539-R2,1
728,MAIN RESERVETANK SIZE 32LFK-5-1-121-13,True,MAIN RESERVE,TANK SIZE 32L,FK-5-1-12,13.0,,,,,,,1
729,MAIN RESERVETANK SIZE 32LFK-5-1-121-14,True,MAIN RESERVE,TANK SIZE 32L,FK-5-1-12,14.0,ANSUL,570550,Pneumatic Actuator,c/u.,0.0,570550,1
730,MAIN RESERVETANK SIZE 32LFK-5-1-121-15,True,MAIN RESERVE,TANK SIZE 32L,FK-5-1-12,15.0,ANSUL,32338,"Male Straight Connector, 7/16 - 20 x 1/4 in. NPT",c/u.,0.0,32338,1
731,MAIN RESERVETANK SIZE 32LFK-5-1-121-16,True,MAIN RESERVE,TANK SIZE 32L,FK-5-1-12,16.0,ANSUL,31810,"Male Elbow, 7/16-20 x 1/4 in. NPT",c/u.,0.0,31810,1
732,MAIN RESERVETANK SIZE 32LFK-5-1-121-17,True,MAIN RESERVE,TANK SIZE 32L,FK-5-1-12,17.0,ANSUL,32336,"Actuation Hose, Swivel, Stainless Braided, 24 in., 1/4 in. Female",c/u.,0.0,32336,1
733,MAIN RESERVETANK SIZE 32LFK-5-1-121-18,True,MAIN RESERVE,TANK SIZE 32L,FK-5-1-12,18.0,ANSUL,31811,"Male Tee, 7/16 - 20 x 1/4 in. NPT",c/u.,0.0,31811,1
735,MAIN RESERVETANK SIZE 52LFK-5-1-121-1,True,MAIN RESERVE,TANK SIZE 52L,FK-5-1-12,1.0,ANSUL,AGLIMP-RECARGA-00,SERVICIO DE CARGA DE AGENTE 52L,c/u.,1.0,52L CARGA,1
736,MAIN RESERVETANK SIZE 52LFK-5-1-121-2,True,MAIN RESERVE,TANK SIZE 52L,FK-5-1-12,2.0,ANSUL,445735,"TANK SIZE 52L, Fill: 58-137 lb.",c/u.,1.0,445735,1
737,MAIN RESERVETANK SIZE 52LFK-5-1-121-3,True,MAIN RESERVE,TANK SIZE 52L,FK-5-1-12,3.0,ANSUL,FK-5-1-12,FK-5-1-12  FLUID FACTORY FILL PER L,c/u.,2.0,FK-5-1-12,1
738,MAIN RESERVETANK SIZE 52LFK-5-1-121-4,True,MAIN RESERVE,TANK SIZE 52L,FK-5-1-12,4.0,ANSUL,302207021,"Pressure Gauge, FK-5-1-12",c/u.,1.0,302207021,1
739,MAIN RESERVETANK SIZE 52LFK-5-1-121-5,True,MAIN RESERVE,TANK SIZE 52L,FK-5-1-12,5.0,ANSUL,314207207,SAPPHIRE Label 8/16/52L UL/FM,c/u.,1.0,314207207,1
740,MAIN RESERVETANK SIZE 52LFK-5-1-121-6,True,MAIN RESERVE,TANK SIZE 52L,FK-5-1-12,6.0,ANSUL,570585,Cylinder Low Pressure Switch,c/u.,1.0,570585,1
741,MAIN RESERVETANK SIZE 52LFK-5-1-121-7,True,MAIN RESERVE,TANK SIZE 52L,FK-5-1-12,7.0,ANSUL,304205030,Electric Actuator Shipping Assembly,c/u.,1.0,304205030,1
742,MAIN RESERVETANK SIZE 52LFK-5-1-121-8,True,MAIN RESERVE,TANK SIZE 52L,FK-5-1-12,8.0,ANSUL,A1638150HY,Local Manual Actuator,c/u.,1.0,A1638150HY,1
743,MAIN RESERVETANK SIZE 52LFK-5-1-121-9,True,MAIN RESERVE,TANK SIZE 52L,FK-5-1-12,9.0,ANSUL,570092-R2,"Tank Bracket Assembly (Fits 140, 280, 390 & 450 lb. Tanks)",c/u.,2.0,570092-R2,1
744,MAIN RESERVETANK SIZE 52LFK-5-1-121-10,True,MAIN RESERVE,TANK SIZE 52L,FK-5-1-12,10.0,ANSUL,76496,"switch main reserve, surface mount",c/u.,1.0,76496,1
745,MAIN RESERVETANK SIZE 52LFK-5-1-121-11,True,MAIN RESERVE,TANK SIZE 52L,FK-5-1-12,11.0,ANSUL,570568,"Manifold Check Valve, 2 in.",c/u.,2.0,570568,1
746,MAIN RESERVETANK SIZE 52LFK-5-1-121-12,True,MAIN RESERVE,TANK SIZE 52L,FK-5-1-12,12.0,ANSUL,570538-R2,"Flexible Discharge Hose, 2 in.",c/u.,2.0,570538-R2,1
747,MAIN RESERVETANK SIZE 52LFK-5-1-121-13,True,MAIN RESERVE,TANK SIZE 52L,FK-5-1-12,13.0,,,,,,,1
748,MAIN RESERVETANK SIZE 52LFK-5-1-121-14,True,MAIN RESERVE,TANK SIZE 52L,FK-5-1-12,14.0,ANSUL,570550,Pneumatic Actuator,c/u.,0.0,570550,1
749,MAIN RESERVETANK SIZE 52LFK-5-1-121-15,True,MAIN RESERVE,TANK SIZE 52L,FK-5-1-12,15.0,ANSUL,32338,"Male Straight Connector, 7/16 - 20 x 1/4 in. NPT",c/u.,0.0,32338,1
750,MAIN RESERVETANK SIZE 52LFK-5-1-121-16,True,MAIN RESERVE,TANK SIZE 52L,FK-5-1-12,16.0,ANSUL,31810,"Male Elbow, 7/16-20 x 1/4 in. NPT",c/u.,0.0,31810,1
751,MAIN RESERVETANK SIZE 52LFK-5-1-121-17,True,MAIN RESERVE,TANK SIZE 52L,FK-5-1-12,17.0,ANSUL,32336,"Actuation Hose, Swivel, Stainless Braided, 24 in., 1/4 in. Female",c/u.,0.0,32336,1
752,MAIN RESERVETANK SIZE 52LFK-5-1-121-18,True,MAIN RESERVE,TANK SIZE 52L,FK-5-1-12,18.0,ANSUL,31811,"Male Tee, 7/16 - 20 x 1/4 in. NPT",c/u.,0.0,31811,1
754,MAIN RESERVETANK SIZE 106LFK-5-1-121-1,True,MAIN RESERVE,TANK SIZE 106L,FK-5-1-12,1.0,ANSUL,AGLIMP-RECARGA-00,SERVICIO DE CARGA DE AGENTE 106L,c/u.,1.0,106L CARGA,1
755,MAIN RESERVETANK SIZE 106LFK-5-1-121-2,True,MAIN RESERVE,TANK SIZE 106L,FK-5-1-12,2.0,ANSUL,445736,"TANK SIZE 106L, Fill: 117-280 lb.",c/u.,1.0,445736,1
756,MAIN RESERVETANK SIZE 106LFK-5-1-121-3,True,MAIN RESERVE,TANK SIZE 106L,FK-5-1-12,3.0,ANSUL,FK-5-1-12,FK-5-1-12  FLUID FACTORY FILL PER L,c/u.,2.0,FK-5-1-12,1
757,MAIN RESERVETANK SIZE 106LFK-5-1-121-4,True,MAIN RESERVE,TANK SIZE 106L,FK-5-1-12,4.0,ANSUL,302207021,"Pressure Gauge, FK-5-1-12",c/u.,1.0,302207021,1
758,MAIN RESERVETANK SIZE 106LFK-5-1-121-5,True,MAIN RESERVE,TANK SIZE 106L,FK-5-1-12,5.0,ANSUL,314207329,SAPPHIRE Label 32/106 a 343L UL/FM,c/u.,1.0,314207329,1
759,MAIN RESERVETANK SIZE 106LFK-5-1-121-6,True,MAIN RESERVE,TANK SIZE 106L,FK-5-1-12,6.0,ANSUL,570585,Cylinder Low Pressure Switch,c/u.,1.0,570585,1
760,MAIN RESERVETANK SIZE 106LFK-5-1-121-7,True,MAIN RESERVE,TANK SIZE 106L,FK-5-1-12,7.0,ANSUL,304205030,Electric Actuator Shipping Assembly,c/u.,1.0,304205030,1
761,MAIN RESERVETANK SIZE 106LFK-5-1-121-8,True,MAIN RESERVE,TANK SIZE 106L,FK-5-1-12,8.0,ANSUL,A1638150HY,Local Manual Actuator,c/u.,1.0,A1638150HY,1
762,MAIN RESERVETANK SIZE 106LFK-5-1-121-9,True,MAIN RESERVE,TANK SIZE 106L,FK-5-1-12,9.0,ANSUL,570092-R2,"Tank Bracket Assembly (Fits 140, 280, 390 & 450 lb. Tanks)",c/u.,2.0,570092-R2,1
763,MAIN RESERVETANK SIZE 106LFK-5-1-121-10,True,MAIN RESERVE,TANK SIZE 106L,FK-5-1-12,10.0,ANSUL,76496,"switch main reserve, surface mount",c/u.,1.0,76496,1
764,MAIN RESERVETANK SIZE 106LFK-5-1-121-11,True,MAIN RESERVE,TANK SIZE 106L,FK-5-1-12,11.0,ANSUL,570568,"Manifold Check Valve, 2 in.",c/u.,2.0,570568,1
765,MAIN RESERVETANK SIZE 106LFK-5-1-121-12,True,MAIN RESERVE,TANK SIZE 106L,FK-5-1-12,12.0,ANSUL,570538-R2,"Flexible Discharge Hose, 2 in.",c/u.,2.0,570538-R2,1
766,MAIN RESERVETANK SIZE 106LFK-5-1-121-13,True,MAIN RESERVE,TANK SIZE 106L,FK-5-1-12,13.0,,,,,,,1
767,MAIN RESERVETANK SIZE 106LFK-5-1-121-14,True,MAIN RESERVE,TANK SIZE 106L,FK-5-1-12,14.0,ANSUL,570550,Pneumatic Actuator,c/u.,0.0,570550,1
768,MAIN RESERVETANK SIZE 106LFK-5-1-121-15,True,MAIN RESERVE,TANK SIZE 106L,FK-5-1-12,15.0,ANSUL,32338,"Male Straight Connector, 7/16 - 20 x 1/4 in. NPT",c/u.,0.0,32338,1
769,MAIN RESERVETANK SIZE 106LFK-5-1-121-16,True,MAIN RESERVE,TANK SIZE 106L,FK-5-1-12,16.0,ANSUL,31810,"Male Elbow, 7/16-20 x 1/4 in. NPT",c/u.,0.0,31810,1
770,MAIN RESERVETANK SIZE 106LFK-5-1-121-17,True,MAIN RESERVE,TANK SIZE 106L,FK-5-1-12,17.0,ANSUL,32336,"Actuation Hose, Swivel, Stainless Braided, 24 in., 1/4 in. Female",c/u.,0.0,32336,1
771,MAIN RESERVETANK SIZE 106LFK-5-1-121-18,True,MAIN RESERVE,TANK SIZE 106L,FK-5-1-12,18.0,ANSUL,31811,"Male Tee, 7/16 - 20 x 1/4 in. NPT",c/u.,0.0,31811,1
772,MAIN RESERVETANK SIZE 106LFK-5-1-121-19,True,MAIN RESERVE,TANK SIZE 106L,FK-5-1-12,19.0,,,,,,,1
773,MAIN RESERVETANK SIZE 106LFK-5-1-121-20,True,MAIN RESERVE,TANK SIZE 106L,FK-5-1-12,20.0,ANSUL,570277,"Liquid Level Indicator (For 280 lb. Tank), 32 in.",c/u.,1.0,570277,1
775,MAIN RESERVETANK SIZE 147LFK-5-1-121-1,True,MAIN RESERVE,TANK SIZE 147L,FK-5-1-12,1.0,ANSUL,AGLIMP-RECARGA-00,SERVICIO DE CARGA DE AGENTE 147L,c/u.,1.0,147L CARGA,1
776,MAIN RESERVETANK SIZE 147LFK-5-1-121-2,True,MAIN RESERVE,TANK SIZE 147L,FK-5-1-12,2.0,ANSUL,445737,"TANK SIZE 147L, Fill: 163-388 lb.",c/u.,1.0,445737,1
777,MAIN RESERVETANK SIZE 147LFK-5-1-121-3,True,MAIN RESERVE,TANK SIZE 147L,FK-5-1-12,3.0,ANSUL,FK-5-1-12,FK-5-1-12  FLUID FACTORY FILL PER L,c/u.,2.0,FK-5-1-12,1
778,MAIN RESERVETANK SIZE 147LFK-5-1-121-4,True,MAIN RESERVE,TANK SIZE 147L,FK-5-1-12,4.0,ANSUL,302207021,"Pressure Gauge, FK-5-1-12",c/u.,1.0,302207021,1
779,MAIN RESERVETANK SIZE 147LFK-5-1-121-5,True,MAIN RESERVE,TANK SIZE 147L,FK-5-1-12,5.0,ANSUL,314207329,SAPPHIRE Label 32/106 a 343L UL/FM,c/u.,1.0,314207329,1
780,MAIN RESERVETANK SIZE 147LFK-5-1-121-6,True,MAIN RESERVE,TANK SIZE 147L,FK-5-1-12,6.0,ANSUL,570585,Cylinder Low Pressure Switch,c/u.,1.0,570585,1
781,MAIN RESERVETANK SIZE 147LFK-5-1-121-7,True,MAIN RESERVE,TANK SIZE 147L,FK-5-1-12,7.0,ANSUL,304205030,Electric Actuator Shipping Assembly,c/u.,1.0,304205030,1
782,MAIN RESERVETANK SIZE 147LFK-5-1-121-8,True,MAIN RESERVE,TANK SIZE 147L,FK-5-1-12,8.0,ANSUL,A1638150HY,Local Manual Actuator,c/u.,1.0,A1638150HY,1
783,MAIN RESERVETANK SIZE 147LFK-5-1-121-9,True,MAIN RESERVE,TANK SIZE 147L,FK-5-1-12,9.0,ANSUL,570092-R2,"Tank Bracket Assembly (Fits 140, 280, 390 & 450 lb. Tanks)",c/u.,2.0,570092-R2,1
784,MAIN RESERVETANK SIZE 147LFK-5-1-121-10,True,MAIN RESERVE,TANK SIZE 147L,FK-5-1-12,10.0,ANSUL,76496,"switch main reserve, surface mount",c/u.,1.0,76496,1
785,MAIN RESERVETANK SIZE 147LFK-5-1-121-11,True,MAIN RESERVE,TANK SIZE 147L,FK-5-1-12,11.0,ANSUL,570568,"Manifold Check Valve, 2 in.",c/u.,2.0,570568,1
786,MAIN RESERVETANK SIZE 147LFK-5-1-121-12,True,MAIN RESERVE,TANK SIZE 147L,FK-5-1-12,12.0,ANSUL,570538-R2,"Flexible Discharge Hose, 2 in.",c/u.,2.0,570538-R2,1
787,MAIN RESERVETANK SIZE 147LFK-5-1-121-13,True,MAIN RESERVE,TANK SIZE 147L,FK-5-1-12,13.0,,,,,,,1
788,MAIN RESERVETANK SIZE 147LFK-5-1-121-14,True,MAIN RESERVE,TANK SIZE 147L,FK-5-1-12,14.0,ANSUL,570550,Pneumatic Actuator,c/u.,0.0,570550,1
789,MAIN RESERVETANK SIZE 147LFK-5-1-121-15,True,MAIN RESERVE,TANK SIZE 147L,FK-5-1-12,15.0,ANSUL,32338,"Male Straight Connector, 7/16 - 20 x 1/4 in. NPT",c/u.,0.0,32338,1
790,MAIN RESERVETANK SIZE 147LFK-5-1-121-16,True,MAIN RESERVE,TANK SIZE 147L,FK-5-1-12,16.0,ANSUL,31810,"Male Elbow, 7/16-20 x 1/4 in. NPT",c/u.,0.0,31810,1
791,MAIN RESERVETANK SIZE 147LFK-5-1-121-17,True,MAIN RESERVE,TANK SIZE 147L,FK-5-1-12,17.0,ANSUL,32336,"Actuation Hose, Swivel, Stainless Braided, 24 in., 1/4 in. Female",c/u.,0.0,32336,1
792,MAIN RESERVETANK SIZE 147LFK-5-1-121-18,True,MAIN RESERVE,TANK SIZE 147L,FK-5-1-12,18.0,ANSUL,31811,"Male Tee, 7/16 - 20 x 1/4 in. NPT",c/u.,0.0,31811,1
793,MAIN RESERVETANK SIZE 147LFK-5-1-121-19,True,MAIN RESERVE,TANK SIZE 147L,FK-5-1-12,19.0,,,,,,,1
794,MAIN RESERVETANK SIZE 147LFK-5-1-121-20,True,MAIN RESERVE,TANK SIZE 147L,FK-5-1-12,20.0,ANSUL,570278,"Liquid Level Indicator (For 390 & 850 lb. Tanks), 43 in.",c/u.,1.0,570278,1
796,MAIN RESERVETANK SIZE 180LFK-5-1-121-1,True,MAIN RESERVE,TANK SIZE 180L,FK-5-1-12,1.0,ANSUL,AGLIMP-RECARGA-00,SERVICIO DE CARGA DE AGENTE 180L,c/u.,1.0,180L CARGA,1
797,MAIN RESERVETANK SIZE 180LFK-5-1-121-2,True,MAIN RESERVE,TANK SIZE 180L,FK-5-1-12,2.0,ANSUL,445738,"TANK SIZE 180L, Fill: 199-459 lb.",c/u.,1.0,445738,1
798,MAIN RESERVETANK SIZE 180LFK-5-1-121-3,True,MAIN RESERVE,TANK SIZE 180L,FK-5-1-12,3.0,ANSUL,FK-5-1-12,FK-5-1-12  FLUID FACTORY FILL PER L,c/u.,2.0,FK-5-1-12,1
799,MAIN RESERVETANK SIZE 180LFK-5-1-121-4,True,MAIN RESERVE,TANK SIZE 180L,FK-5-1-12,4.0,ANSUL,302207021,"Pressure Gauge, FK-5-1-12",c/u.,1.0,302207021,1
800,MAIN RESERVETANK SIZE 180LFK-5-1-121-5,True,MAIN RESERVE,TANK SIZE 180L,FK-5-1-12,5.0,ANSUL,314207329,SAPPHIRE Label 32/106 a 343L UL/FM,c/u.,1.0,314207329,1
801,MAIN RESERVETANK SIZE 180LFK-5-1-121-6,True,MAIN RESERVE,TANK SIZE 180L,FK-5-1-12,6.0,ANSUL,570585,Cylinder Low Pressure Switch,c/u.,1.0,570585,1
802,MAIN RESERVETANK SIZE 180LFK-5-1-121-7,True,MAIN RESERVE,TANK SIZE 180L,FK-5-1-12,7.0,ANSUL,304205030,Electric Actuator Shipping Assembly,c/u.,1.0,304205030,1
803,MAIN RESERVETANK SIZE 180LFK-5-1-121-8,True,MAIN RESERVE,TANK SIZE 180L,FK-5-1-12,8.0,ANSUL,A1638150HY,Local Manual Actuator,c/u.,1.0,A1638150HY,1
804,MAIN RESERVETANK SIZE 180LFK-5-1-121-9,True,MAIN RESERVE,TANK SIZE 180L,FK-5-1-12,9.0,ANSUL,570092-R2,"Tank Bracket Assembly (Fits 140, 280, 390 & 450 lb. Tanks)",c/u.,2.0,570092-R2,1
805,MAIN RESERVETANK SIZE 180LFK-5-1-121-10,True,MAIN RESERVE,TANK SIZE 180L,FK-5-1-12,10.0,ANSUL,76496,"switch main reserve, surface mount",c/u.,1.0,76496,1
806,MAIN RESERVETANK SIZE 180LFK-5-1-121-11,True,MAIN RESERVE,TANK SIZE 180L,FK-5-1-12,11.0,ANSUL,570568,"Manifold Check Valve, 2 in.",c/u.,2.0,570568,1
807,MAIN RESERVETANK SIZE 180LFK-5-1-121-12,True,MAIN RESERVE,TANK SIZE 180L,FK-5-1-12,12.0,ANSUL,570538-R2,"Flexible Discharge Hose, 2 in.",c/u.,2.0,570538-R2,1
808,MAIN RESERVETANK SIZE 180LFK-5-1-121-13,True,MAIN RESERVE,TANK SIZE 180L,FK-5-1-12,13.0,,,,,,,1
809,MAIN RESERVETANK SIZE 180LFK-5-1-121-14,True,MAIN RESERVE,TANK SIZE 180L,FK-5-1-12,14.0,ANSUL,570550,Pneumatic Actuator,c/u.,0.0,570550,1
810,MAIN RESERVETANK SIZE 180LFK-5-1-121-15,True,MAIN RESERVE,TANK SIZE 180L,FK-5-1-12,15.0,ANSUL,32338,"Male Straight Connector, 7/16 - 20 x 1/4 in. NPT",c/u.,0.0,32338,1
811,MAIN RESERVETANK SIZE 180LFK-5-1-121-16,True,MAIN RESERVE,TANK SIZE 180L,FK-5-1-12,16.0,ANSUL,31810,"Male Elbow, 7/16-20 x 1/4 in. NPT",c/u.,0.0,31810,1
812,MAIN RESERVETANK SIZE 180LFK-5-1-121-17,True,MAIN RESERVE,TANK SIZE 180L,FK-5-1-12,17.0,ANSUL,32336,"Actuation Hose, Swivel, Stainless Braided, 24 in., 1/4 in. Female",c/u.,0.0,32336,1
813,MAIN RESERVETANK SIZE 180LFK-5-1-121-18,True,MAIN RESERVE,TANK SIZE 180L,FK-5-1-12,18.0,ANSUL,31811,"Male Tee, 7/16 - 20 x 1/4 in. NPT",c/u.,0.0,31811,1
814,MAIN RESERVETANK SIZE 180LFK-5-1-121-19,True,MAIN RESERVE,TANK SIZE 180L,FK-5-1-12,19.0,,,,,,,1
815,MAIN RESERVETANK SIZE 180LFK-5-1-121-20,True,MAIN RESERVE,TANK SIZE 180L,FK-5-1-12,20.0,ANSUL,570589,"Liquid Level Indicator (For 450 lb. Tank), 55 in.",c/u.,1.0,570589,1
817,MAIN RESERVETANK SIZE 343LFK-5-1-121-1,True,MAIN RESERVE,TANK SIZE 343L,FK-5-1-12,1.0,ANSUL,AGLIMP-RECARGA-00,SERVICIO DE CARGA DE AGENTE 343L,c/u.,1.0,343L CARGA,1
818,MAIN RESERVETANK SIZE 343LFK-5-1-121-2,True,MAIN RESERVE,TANK SIZE 343L,FK-5-1-12,2.0,ANSUL,445739,"TANK SIZE 343L, Fill: 379-851 lb.",c/u.,1.0,445739,1
819,MAIN RESERVETANK SIZE 343LFK-5-1-121-3,True,MAIN RESERVE,TANK SIZE 343L,FK-5-1-12,3.0,ANSUL,FK-5-1-12,FK-5-1-12  FLUID FACTORY FILL PER L,c/u.,2.0,FK-5-1-12,1
820,MAIN RESERVETANK SIZE 343LFK-5-1-121-4,True,MAIN RESERVE,TANK SIZE 343L,FK-5-1-12,4.0,ANSUL,302207021,"Pressure Gauge, FK-5-1-12",c/u.,1.0,302207021,1
821,MAIN RESERVETANK SIZE 343LFK-5-1-121-5,True,MAIN RESERVE,TANK SIZE 343L,FK-5-1-12,5.0,ANSUL,314207329,SAPPHIRE Label 32/106 a 343L UL/FM,c/u.,1.0,314207329,1
822,MAIN RESERVETANK SIZE 343LFK-5-1-121-6,True,MAIN RESERVE,TANK SIZE 343L,FK-5-1-12,6.0,ANSUL,570585,Cylinder Low Pressure Switch,c/u.,1.0,570585,1
823,MAIN RESERVETANK SIZE 343LFK-5-1-121-7,True,MAIN RESERVE,TANK SIZE 343L,FK-5-1-12,7.0,ANSUL,304205030,Electric Actuator Shipping Assembly,c/u.,1.0,304205030,1
824,MAIN RESERVETANK SIZE 343LFK-5-1-121-8,True,MAIN RESERVE,TANK SIZE 343L,FK-5-1-12,8.0,ANSUL,A1638150HY,Local Manual Actuator,c/u.,1.0,A1638150HY,1
825,MAIN RESERVETANK SIZE 343LFK-5-1-121-9,True,MAIN RESERVE,TANK SIZE 343L,FK-5-1-12,9.0,ANSUL,570336-R2,Tank Bracket Assembly (Fits 850 lb. Tank),c/u.,2.0,570336-R2,1
826,MAIN RESERVETANK SIZE 343LFK-5-1-121-10,True,MAIN RESERVE,TANK SIZE 343L,FK-5-1-12,10.0,ANSUL,76496,"switch main reserve, surface mount",c/u.,1.0,76496,1
827,MAIN RESERVETANK SIZE 343LFK-5-1-121-11,True,MAIN RESERVE,TANK SIZE 343L,FK-5-1-12,11.0,ANSUL,69841-R2,"Discharge Hose/Check Valve Assembly, 3 in.",c/u.,1.0,69841-R2,1
828,MAIN RESERVETANK SIZE 343LFK-5-1-121-12,True,MAIN RESERVE,TANK SIZE 343L,FK-5-1-12,12.0,,,,,,,1
829,MAIN RESERVETANK SIZE 343LFK-5-1-121-13,True,MAIN RESERVE,TANK SIZE 343L,FK-5-1-12,13.0,ANSUL,570550,Pneumatic Actuator,c/u.,0.0,570550,1
830,MAIN RESERVETANK SIZE 343LFK-5-1-121-14,True,MAIN RESERVE,TANK SIZE 343L,FK-5-1-12,14.0,ANSUL,32338,"Male Straight Connector, 7/16 - 20 x 1/4 in. NPT",c/u.,0.0,32338,1
831,MAIN RESERVETANK SIZE 343LFK-5-1-121-15,True,MAIN RESERVE,TANK SIZE 343L,FK-5-1-12,15.0,ANSUL,31810,"Male Elbow, 7/16-20 x 1/4 in. NPT",c/u.,0.0,31810,1
832,MAIN RESERVETANK SIZE 343LFK-5-1-121-16,True,MAIN RESERVE,TANK SIZE 343L,FK-5-1-12,16.0,ANSUL,32336,"Actuation Hose, Swivel, Stainless Braided, 24 in., 1/4 in. Female",c/u.,0.0,32336,1
833,MAIN RESERVETANK SIZE 343LFK-5-1-121-17,True,MAIN RESERVE,TANK SIZE 343L,FK-5-1-12,17.0,ANSUL,31811,"Male Tee, 7/16 - 20 x 1/4 in. NPT",c/u.,0.0,31811,1
834,MAIN RESERVETANK SIZE 343LFK-5-1-121-18,True,MAIN RESERVE,TANK SIZE 343L,FK-5-1-12,18.0,,,,,,,1
835,MAIN RESERVETANK SIZE 343LFK-5-1-121-19,True,MAIN RESERVE,TANK SIZE 343L,FK-5-1-12,19.0,ANSUL,570278,"Liquid Level Indicator (For 390 & 850 lb. Tanks), 43 in.",c/u.,1.0,570278,1
837,SISTEMA MANIFOLDTANK SIZE 8LFM-2001-1,True,SISTEMA MANIFOLD,TANK SIZE 8L,FM-200,1.0,ANSUL,AGLIMP-RECARGA-00,SERVICIO DE CARGA DE AGENTE 8L,c/u.,1.0,8L CARGA,1
838,SISTEMA MANIFOLDTANK SIZE 8LFM-2001-2,True,SISTEMA MANIFOLD,TANK SIZE 8L,FM-200,2.0,ANSUL,445732,"TANK SIZE 8L, Fill: 9-17 lb.",c/u.,1.0,445732,1
839,SISTEMA MANIFOLDTANK SIZE 8LFM-2001-3,True,SISTEMA MANIFOLD,TANK SIZE 8L,FM-200,3.0,ANSUL,FM-200-SRL,"FM-200 Agent,",c/u.,2.0,453646,1
840,SISTEMA MANIFOLDTANK SIZE 8LFM-2001-4,True,SISTEMA MANIFOLD,TANK SIZE 8L,FM-200,4.0,ANSUL,570055,"Gauge, Cylinder Valve FM-200",c/u.,1.0,570055,1
841,SISTEMA MANIFOLDTANK SIZE 8LFM-2001-5,True,SISTEMA MANIFOLD,TANK SIZE 8L,FM-200,5.0,ANSUL,314205321,Label FM-200 8/16/52L UL/FM,c/u.,1.0,314205321,1
842,SISTEMA MANIFOLDTANK SIZE 8LFM-2001-6,True,SISTEMA MANIFOLD,TANK SIZE 8L,FM-200,6.0,ANSUL,570585,Cylinder Low Pressure Switch,c/u.,1.0,570585,1
843,SISTEMA MANIFOLDTANK SIZE 8LFM-2001-7,True,SISTEMA MANIFOLD,TANK SIZE 8L,FM-200,7.0,ANSUL,304205030,Electric Actuator Shipping Assembly,c/u.,1.0,304205030,1
844,SISTEMA MANIFOLDTANK SIZE 8LFM-2001-8,True,SISTEMA MANIFOLD,TANK SIZE 8L,FM-200,8.0,ANSUL,A1638150HY,Local Manual Actuator,c/u.,1.0,A1638150HY,1
845,SISTEMA MANIFOLDTANK SIZE 8LFM-2001-9,True,SISTEMA MANIFOLD,TANK SIZE 8L,FM-200,9.0,ANSUL,570085-R2,"Tank Bracket Assembly (Fits 20, 50 & 90 lb. Tanks)",c/u.,1.0,570085-R2,1
846,SISTEMA MANIFOLDTANK SIZE 8LFM-2001-10,True,SISTEMA MANIFOLD,TANK SIZE 8L,FM-200,10.0,ANSUL,17549OK,"Nozzle, según memoria de calculo",c/u.,1.0,NOZ. 8L,1
847,SISTEMA MANIFOLDTANK SIZE 8LFM-2001-11,True,SISTEMA MANIFOLD,TANK SIZE 8L,FM-200,11.0,ANSUL,442927-R2,"NAMEPLATE, FM200, DO NOT ENTER",c/u.,1.0,442927-R2,1
848,SISTEMA MANIFOLDTANK SIZE 8LFM-2001-12,True,SISTEMA MANIFOLD,TANK SIZE 8L,FM-200,12.0,ANSUL,442928-R2,"NAMEPLATE, FM200, PROTECTED,",c/u.,1.0,442928-R2,1
849,SISTEMA MANIFOLDTANK SIZE 8LFM-2001-13,True,SISTEMA MANIFOLD,TANK SIZE 8L,FM-200,13.0,ANSUL,570539-R2,"Flexible Discharge Hose, 1 in.",c/u.,1.0,570539-R2,1
850,SISTEMA MANIFOLDTANK SIZE 8LFM-2001-14,True,SISTEMA MANIFOLD,TANK SIZE 8L,FM-200,14.0,ANSUL,570566,"Manifold Check Valve, 1 in.",c/u.,1.0,570566,1
851,SISTEMA MANIFOLDTANK SIZE 8LFM-2001-15,True,SISTEMA MANIFOLD,TANK SIZE 8L,FM-200,15.0,ANSUL,570550,Pneumatic Actuator,c/u.,0.0,570550,1
852,SISTEMA MANIFOLDTANK SIZE 8LFM-2001-16,True,SISTEMA MANIFOLD,TANK SIZE 8L,FM-200,16.0,ANSUL,32338,"Male Straight Connector, 7/16 - 20 x 1/4 in. NPT",c/u.,1.0,32338,1
853,SISTEMA MANIFOLDTANK SIZE 8LFM-2001-17,True,SISTEMA MANIFOLD,TANK SIZE 8L,FM-200,17.0,ANSUL,31810,"Male Elbow, 7/16-20 x 1/4 in. NPT",c/u.,1.0,31810,1
854,SISTEMA MANIFOLDTANK SIZE 8LFM-2001-18,True,SISTEMA MANIFOLD,TANK SIZE 8L,FM-200,18.0,ANSUL,32336,"Actuation Hose, Swivel, Stainless Braided, 24 in., 1/4 in. Female",c/u.,0.0,32336,1
855,SISTEMA MANIFOLDTANK SIZE 8LFM-2001-19,True,SISTEMA MANIFOLD,TANK SIZE 8L,FM-200,19.0,ANSUL,31811,"Male Tee, 7/16 - 20 x 1/4 in. NPT",c/u.,0.0,31811,1
856,SISTEMA MANIFOLDTANK SIZE 8LFM-2001-20,True,SISTEMA MANIFOLD,TANK SIZE 8L,FM-200,20.0,,,,,,0,1
857,SISTEMA MANIFOLDTANK SIZE 8LFM-2001-21,True,SISTEMA MANIFOLD,TANK SIZE 8L,FM-200,21.0,ANSUL,437900,"Switch, Pressure, 3PDT",c/u.,1.0,437900,1
858,SISTEMA MANIFOLDTANK SIZE 8LFM-2001-22,True,SISTEMA MANIFOLD,TANK SIZE 8L,FM-200,22.0,ANSUL,31811,"Male Tee, 7/16 - 20 x 1/4 in. NPT",c/u.,1.0,31811,1
859,SISTEMA MANIFOLDTANK SIZE 8LFM-2001-23,True,SISTEMA MANIFOLD,TANK SIZE 8L,FM-200,23.0,ANSUL,73597,"Acutation Hose, 16 in., 1/4 in. NPT x 7/16-20 in. F Flare",c/u.,1.0,73597,1
860,SISTEMA MANIFOLDTANK SIZE 8LFM-2001-24,True,SISTEMA MANIFOLD,TANK SIZE 8L,FM-200,24.0,ANSUL,76498,"Switch, Maintenance, Surface Mount",c/u.,1.0,76498,1
862,SISTEMA MANIFOLDTANK SIZE 16LFM-2001-1,True,SISTEMA MANIFOLD,TANK SIZE 16L,FM-200,1.0,ANSUL,AGLIMP-RECARGA-00,SERVICIO DE CARGA DE AGENTE 16L,c/u.,1.0,16L CARGA,1
863,SISTEMA MANIFOLDTANK SIZE 16LFM-2001-2,True,SISTEMA MANIFOLD,TANK SIZE 16L,FM-200,2.0,ANSUL,445733,"TANK SIZE 16L, Fill: 18-35 lb.",c/u.,1.0,445733,1
864,SISTEMA MANIFOLDTANK SIZE 16LFM-2001-3,True,SISTEMA MANIFOLD,TANK SIZE 16L,FM-200,3.0,ANSUL,FM-200-SRL,"FM-200 Agent,",c/u.,2.0,453646,1
865,SISTEMA MANIFOLDTANK SIZE 16LFM-2001-4,True,SISTEMA MANIFOLD,TANK SIZE 16L,FM-200,4.0,ANSUL,570055,"Gauge, Cylinder Valve FM-200",c/u.,1.0,570055,1
866,SISTEMA MANIFOLDTANK SIZE 16LFM-2001-5,True,SISTEMA MANIFOLD,TANK SIZE 16L,FM-200,5.0,ANSUL,314205321,Label FM-200 8/16/52L UL/FM,c/u.,1.0,314205321,1
867,SISTEMA MANIFOLDTANK SIZE 16LFM-2001-6,True,SISTEMA MANIFOLD,TANK SIZE 16L,FM-200,6.0,ANSUL,570585,Cylinder Low Pressure Switch,c/u.,1.0,570585,1
868,SISTEMA MANIFOLDTANK SIZE 16LFM-2001-7,True,SISTEMA MANIFOLD,TANK SIZE 16L,FM-200,7.0,ANSUL,304205030,Electric Actuator Shipping Assembly,c/u.,1.0,304205030,1
869,SISTEMA MANIFOLDTANK SIZE 16LFM-2001-8,True,SISTEMA MANIFOLD,TANK SIZE 16L,FM-200,8.0,ANSUL,A1638150HY,Local Manual Actuator,c/u.,1.0,A1638150HY,1
870,SISTEMA MANIFOLDTANK SIZE 16LFM-2001-9,True,SISTEMA MANIFOLD,TANK SIZE 16L,FM-200,9.0,ANSUL,570085-R2,"Tank Bracket Assembly (Fits 20, 50 & 90 lb. Tanks)",c/u.,2.0,570085-R2,1
871,SISTEMA MANIFOLDTANK SIZE 16LFM-2001-10,True,SISTEMA MANIFOLD,TANK SIZE 16L,FM-200,10.0,ANSUL,17549OK,"Nozzle, según memoria de calculo",c/u.,1.0,NOZ. 16L,1
872,SISTEMA MANIFOLDTANK SIZE 16LFM-2001-11,True,SISTEMA MANIFOLD,TANK SIZE 16L,FM-200,11.0,ANSUL,442927-R2,"NAMEPLATE, FM200, DO NOT ENTER",c/u.,1.0,442927-R2,1
873,SISTEMA MANIFOLDTANK SIZE 16LFM-2001-12,True,SISTEMA MANIFOLD,TANK SIZE 16L,FM-200,12.0,ANSUL,442928-R2,"NAMEPLATE, FM200, PROTECTED,",c/u.,1.0,442928-R2,1
874,SISTEMA MANIFOLDTANK SIZE 16LFM-2001-13,True,SISTEMA MANIFOLD,TANK SIZE 16L,FM-200,13.0,ANSUL,570539-R2,"Flexible Discharge Hose, 1 in.",c/u.,1.0,570539-R2,1
875,SISTEMA MANIFOLDTANK SIZE 16LFM-2001-14,True,SISTEMA MANIFOLD,TANK SIZE 16L,FM-200,14.0,ANSUL,570566,"Manifold Check Valve, 1 in.",c/u.,1.0,570566,1
876,SISTEMA MANIFOLDTANK SIZE 16LFM-2001-15,True,SISTEMA MANIFOLD,TANK SIZE 16L,FM-200,15.0,ANSUL,570550,Pneumatic Actuator,c/u.,0.0,570550,1
877,SISTEMA MANIFOLDTANK SIZE 16LFM-2001-16,True,SISTEMA MANIFOLD,TANK SIZE 16L,FM-200,16.0,ANSUL,32338,"Male Straight Connector, 7/16 - 20 x 1/4 in. NPT",c/u.,1.0,32338,1
878,SISTEMA MANIFOLDTANK SIZE 16LFM-2001-17,True,SISTEMA MANIFOLD,TANK SIZE 16L,FM-200,17.0,ANSUL,31810,"Male Elbow, 7/16-20 x 1/4 in. NPT",c/u.,1.0,31810,1
879,SISTEMA MANIFOLDTANK SIZE 16LFM-2001-18,True,SISTEMA MANIFOLD,TANK SIZE 16L,FM-200,18.0,ANSUL,32336,"Actuation Hose, Swivel, Stainless Braided, 24 in., 1/4 in. Female",c/u.,0.0,32336,1
880,SISTEMA MANIFOLDTANK SIZE 16LFM-2001-19,True,SISTEMA MANIFOLD,TANK SIZE 16L,FM-200,19.0,ANSUL,31811,"Male Tee, 7/16 - 20 x 1/4 in. NPT",c/u.,0.0,31811,1
881,SISTEMA MANIFOLDTANK SIZE 16LFM-2001-20,True,SISTEMA MANIFOLD,TANK SIZE 16L,FM-200,20.0,,,,,,0,1
882,SISTEMA MANIFOLDTANK SIZE 16LFM-2001-21,True,SISTEMA MANIFOLD,TANK SIZE 16L,FM-200,21.0,ANSUL,437900,"Switch, Pressure, 3PDT",c/u.,1.0,437900,1
883,SISTEMA MANIFOLDTANK SIZE 16LFM-2001-22,True,SISTEMA MANIFOLD,TANK SIZE 16L,FM-200,22.0,ANSUL,31811,"Male Tee, 7/16 - 20 x 1/4 in. NPT",c/u.,1.0,31811,1
884,SISTEMA MANIFOLDTANK SIZE 16LFM-2001-23,True,SISTEMA MANIFOLD,TANK SIZE 16L,FM-200,23.0,ANSUL,73597,"Acutation Hose, 16 in., 1/4 in. NPT x 7/16-20 in. F Flare",c/u.,1.0,73597,1
885,SISTEMA MANIFOLDTANK SIZE 16LFM-2001-24,True,SISTEMA MANIFOLD,TANK SIZE 16L,FM-200,24.0,ANSUL,76498,"Switch, Maintenance, Surface Mount",c/u.,1.0,76498,1
887,SISTEMA MANIFOLDTANK SIZE 32LFM-2001-1,True,SISTEMA MANIFOLD,TANK SIZE 32L,FM-200,1.0,ANSUL,AGLIMP-RECARGA-00,SERVICIO DE CARGA DE AGENTE 32L,c/u.,1.0,32L CARGA,1
888,SISTEMA MANIFOLDTANK SIZE 32LFM-2001-2,True,SISTEMA MANIFOLD,TANK SIZE 32L,FM-200,2.0,ANSUL,445734,"TANK SIZE 32L, Fill: 36-70 lb.",c/u.,1.0,445734,1
889,SISTEMA MANIFOLDTANK SIZE 32LFM-2001-3,True,SISTEMA MANIFOLD,TANK SIZE 32L,FM-200,3.0,ANSUL,FM-200-SRL,"FM-200 Agent,",c/u.,2.0,453646,1
890,SISTEMA MANIFOLDTANK SIZE 32LFM-2001-4,True,SISTEMA MANIFOLD,TANK SIZE 32L,FM-200,4.0,ANSUL,570055,"Gauge, Cylinder Valve FM-200",c/u.,1.0,570055,1
891,SISTEMA MANIFOLDTANK SIZE 32LFM-2001-5,True,SISTEMA MANIFOLD,TANK SIZE 32L,FM-200,5.0,ANSUL,314205314,Label FM-200 32/106/147/180/343L UL/FM,c/u.,1.0,314205314,1
892,SISTEMA MANIFOLDTANK SIZE 32LFM-2001-6,True,SISTEMA MANIFOLD,TANK SIZE 32L,FM-200,6.0,ANSUL,570585,Cylinder Low Pressure Switch,c/u.,1.0,570585,1
893,SISTEMA MANIFOLDTANK SIZE 32LFM-2001-7,True,SISTEMA MANIFOLD,TANK SIZE 32L,FM-200,7.0,ANSUL,304205030,Electric Actuator Shipping Assembly,c/u.,1.0,304205030,1
894,SISTEMA MANIFOLDTANK SIZE 32LFM-2001-8,True,SISTEMA MANIFOLD,TANK SIZE 32L,FM-200,8.0,ANSUL,A1638150HY,Local Manual Actuator,c/u.,1.0,A1638150HY,1
895,SISTEMA MANIFOLDTANK SIZE 32LFM-2001-9,True,SISTEMA MANIFOLD,TANK SIZE 32L,FM-200,9.0,ANSUL,570085-R2,"Tank Bracket Assembly (Fits 20, 50 & 90 lb. Tanks)",c/u.,2.0,570085-R2,1
896,SISTEMA MANIFOLDTANK SIZE 32LFM-2001-10,True,SISTEMA MANIFOLD,TANK SIZE 32L,FM-200,10.0,ANSUL,17549OK,"Nozzle, según memoria de calculo",c/u.,1.0,NOZ. 32L,1
897,SISTEMA MANIFOLDTANK SIZE 32LFM-2001-11,True,SISTEMA MANIFOLD,TANK SIZE 32L,FM-200,11.0,ANSUL,442927-R2,"NAMEPLATE, FM200, DO NOT ENTER",c/u.,1.0,442927-R2,1
898,SISTEMA MANIFOLDTANK SIZE 32LFM-2001-12,True,SISTEMA MANIFOLD,TANK SIZE 32L,FM-200,12.0,ANSUL,442928-R2,"NAMEPLATE, FM200, PROTECTED,",c/u.,1.0,442928-R2,1
899,SISTEMA MANIFOLDTANK SIZE 32LFM-2001-13,True,SISTEMA MANIFOLD,TANK SIZE 32L,FM-200,13.0,ANSUL,570539-R2,"Flexible Discharge Hose, 1 in.",c/u.,1.0,570539-R2,1
900,SISTEMA MANIFOLDTANK SIZE 32LFM-2001-14,True,SISTEMA MANIFOLD,TANK SIZE 32L,FM-200,14.0,ANSUL,570566,"Manifold Check Valve, 1 in.",c/u.,1.0,570566,1
901,SISTEMA MANIFOLDTANK SIZE 32LFM-2001-15,True,SISTEMA MANIFOLD,TANK SIZE 32L,FM-200,15.0,ANSUL,570550,Pneumatic Actuator,c/u.,0.0,570550,1
902,SISTEMA MANIFOLDTANK SIZE 32LFM-2001-16,True,SISTEMA MANIFOLD,TANK SIZE 32L,FM-200,16.0,ANSUL,32338,"Male Straight Connector, 7/16 - 20 x 1/4 in. NPT",c/u.,1.0,32338,1
903,SISTEMA MANIFOLDTANK SIZE 32LFM-2001-17,True,SISTEMA MANIFOLD,TANK SIZE 32L,FM-200,17.0,ANSUL,31810,"Male Elbow, 7/16-20 x 1/4 in. NPT",c/u.,1.0,31810,1
904,SISTEMA MANIFOLDTANK SIZE 32LFM-2001-18,True,SISTEMA MANIFOLD,TANK SIZE 32L,FM-200,18.0,ANSUL,32336,"Actuation Hose, Swivel, Stainless Braided, 24 in., 1/4 in. Female",c/u.,0.0,32336,1
905,SISTEMA MANIFOLDTANK SIZE 32LFM-2001-19,True,SISTEMA MANIFOLD,TANK SIZE 32L,FM-200,19.0,ANSUL,31811,"Male Tee, 7/16 - 20 x 1/4 in. NPT",c/u.,0.0,31811,1
906,SISTEMA MANIFOLDTANK SIZE 32LFM-2001-20,True,SISTEMA MANIFOLD,TANK SIZE 32L,FM-200,20.0,,,,,,0,1
907,SISTEMA MANIFOLDTANK SIZE 32LFM-2001-21,True,SISTEMA MANIFOLD,TANK SIZE 32L,FM-200,21.0,ANSUL,437900,"Switch, Pressure, 3PDT",c/u.,1.0,437900,1
908,SISTEMA MANIFOLDTANK SIZE 32LFM-2001-22,True,SISTEMA MANIFOLD,TANK SIZE 32L,FM-200,22.0,ANSUL,31811,"Male Tee, 7/16 - 20 x 1/4 in. NPT",c/u.,1.0,31811,1
909,SISTEMA MANIFOLDTANK SIZE 32LFM-2001-23,True,SISTEMA MANIFOLD,TANK SIZE 32L,FM-200,23.0,ANSUL,73597,"Acutation Hose, 16 in., 1/4 in. NPT x 7/16-20 in. F Flare",c/u.,1.0,73597,1
910,SISTEMA MANIFOLDTANK SIZE 32LFM-2001-24,True,SISTEMA MANIFOLD,TANK SIZE 32L,FM-200,24.0,ANSUL,76498,"Switch, Maintenance, Surface Mount",c/u.,1.0,76498,1
912,SISTEMA MANIFOLDTANK SIZE 52LFM-2001-1,True,SISTEMA MANIFOLD,TANK SIZE 52L,FM-200,1.0,ANSUL,AGLIMP-RECARGA-00,SERVICIO DE CARGA DE AGENTE 52L,c/u.,1.0,52L CARGA,1
913,SISTEMA MANIFOLDTANK SIZE 52LFM-2001-2,True,SISTEMA MANIFOLD,TANK SIZE 52L,FM-200,2.0,ANSUL,445735,"TANK SIZE 52L, Fill: 58-114 lb.",c/u.,1.0,445735,1
914,SISTEMA MANIFOLDTANK SIZE 52LFM-2001-3,True,SISTEMA MANIFOLD,TANK SIZE 52L,FM-200,3.0,ANSUL,FM-200-SRL,"FM-200 Agent,",c/u.,2.0,453646,1
915,SISTEMA MANIFOLDTANK SIZE 52LFM-2001-4,True,SISTEMA MANIFOLD,TANK SIZE 52L,FM-200,4.0,ANSUL,570055,"Gauge, Cylinder Valve FM-200",c/u.,1.0,570055,1
916,SISTEMA MANIFOLDTANK SIZE 52LFM-2001-5,True,SISTEMA MANIFOLD,TANK SIZE 52L,FM-200,5.0,ANSUL,314205321,Label FM-200 8/16/52L UL/FM,c/u.,1.0,314205321,1
917,SISTEMA MANIFOLDTANK SIZE 52LFM-2001-6,True,SISTEMA MANIFOLD,TANK SIZE 52L,FM-200,6.0,ANSUL,570585,Cylinder Low Pressure Switch,c/u.,1.0,570585,1
918,SISTEMA MANIFOLDTANK SIZE 52LFM-2001-7,True,SISTEMA MANIFOLD,TANK SIZE 52L,FM-200,7.0,ANSUL,304205030,Electric Actuator Shipping Assembly,c/u.,1.0,304205030,1
919,SISTEMA MANIFOLDTANK SIZE 52LFM-2001-8,True,SISTEMA MANIFOLD,TANK SIZE 52L,FM-200,8.0,ANSUL,A1638150HY,Local Manual Actuator,c/u.,1.0,A1638150HY,1
920,SISTEMA MANIFOLDTANK SIZE 52LFM-2001-9,True,SISTEMA MANIFOLD,TANK SIZE 52L,FM-200,9.0,ANSUL,570092-R2,"Tank Bracket Assembly (Fits 140, 280, 390 & 450 lb. Tanks)",c/u.,2.0,570092-R2,1
921,SISTEMA MANIFOLDTANK SIZE 52LFM-2001-10,True,SISTEMA MANIFOLD,TANK SIZE 52L,FM-200,10.0,ANSUL,17549OK,"Nozzle, según memoria de calculo",c/u.,1.0,NOZ. 52L,1
922,SISTEMA MANIFOLDTANK SIZE 52LFM-2001-11,True,SISTEMA MANIFOLD,TANK SIZE 52L,FM-200,11.0,ANSUL,442927-R2,"NAMEPLATE, FM200, DO NOT ENTER",c/u.,1.0,442927-R2,1
923,SISTEMA MANIFOLDTANK SIZE 52LFM-2001-12,True,SISTEMA MANIFOLD,TANK SIZE 52L,FM-200,12.0,ANSUL,442928-R2,"NAMEPLATE, FM200, PROTECTED,",c/u.,1.0,442928-R2,1
924,SISTEMA MANIFOLDTANK SIZE 52LFM-2001-13,True,SISTEMA MANIFOLD,TANK SIZE 52L,FM-200,13.0,ANSUL,570538-R2,"Flexible Discharge Hose, 2 in.",c/u.,1.0,570538-R2,1
925,SISTEMA MANIFOLDTANK SIZE 52LFM-2001-14,True,SISTEMA MANIFOLD,TANK SIZE 52L,FM-200,14.0,ANSUL,570568,"Manifold Check Valve, 2 in.",c/u.,1.0,570568,1
926,SISTEMA MANIFOLDTANK SIZE 52LFM-2001-15,True,SISTEMA MANIFOLD,TANK SIZE 52L,FM-200,15.0,ANSUL,570550,Pneumatic Actuator,c/u.,0.0,570550,1
927,SISTEMA MANIFOLDTANK SIZE 52LFM-2001-16,True,SISTEMA MANIFOLD,TANK SIZE 52L,FM-200,16.0,ANSUL,32338,"Male Straight Connector, 7/16 - 20 x 1/4 in. NPT",c/u.,1.0,32338,1
928,SISTEMA MANIFOLDTANK SIZE 52LFM-2001-17,True,SISTEMA MANIFOLD,TANK SIZE 52L,FM-200,17.0,ANSUL,31810,"Male Elbow, 7/16-20 x 1/4 in. NPT",c/u.,1.0,31810,1
929,SISTEMA MANIFOLDTANK SIZE 52LFM-2001-18,True,SISTEMA MANIFOLD,TANK SIZE 52L,FM-200,18.0,ANSUL,32336,"Actuation Hose, Swivel, Stainless Braided, 24 in., 1/4 in. Female",c/u.,0.0,32336,1
930,SISTEMA MANIFOLDTANK SIZE 52LFM-2001-19,True,SISTEMA MANIFOLD,TANK SIZE 52L,FM-200,19.0,ANSUL,31811,"Male Tee, 7/16 - 20 x 1/4 in. NPT",c/u.,0.0,31811,1
931,SISTEMA MANIFOLDTANK SIZE 52LFM-2001-20,True,SISTEMA MANIFOLD,TANK SIZE 52L,FM-200,20.0,,,,,,0,1
932,SISTEMA MANIFOLDTANK SIZE 52LFM-2001-21,True,SISTEMA MANIFOLD,TANK SIZE 52L,FM-200,21.0,ANSUL,437900,"Switch, Pressure, 3PDT",c/u.,1.0,437900,1
933,SISTEMA MANIFOLDTANK SIZE 52LFM-2001-22,True,SISTEMA MANIFOLD,TANK SIZE 52L,FM-200,22.0,ANSUL,31811,"Male Tee, 7/16 - 20 x 1/4 in. NPT",c/u.,1.0,31811,1
934,SISTEMA MANIFOLDTANK SIZE 52LFM-2001-23,True,SISTEMA MANIFOLD,TANK SIZE 52L,FM-200,23.0,ANSUL,415142,"Acutation Hose, 32 in., 1/4 in. NPT x 7/16-20 in. F Flare",c/u.,1.0,415142,1
935,SISTEMA MANIFOLDTANK SIZE 52LFM-2001-24,True,SISTEMA MANIFOLD,TANK SIZE 52L,FM-200,24.0,ANSUL,76498,"Switch, Maintenance, Surface Mount",c/u.,1.0,76498,1
937,SISTEMA MANIFOLDTANK SIZE 106LFM-2001-1,True,SISTEMA MANIFOLD,TANK SIZE 106L,FM-200,1.0,ANSUL,AGLIMP-RECARGA-00,SERVICIO DE CARGA DE AGENTE 106L,c/u.,1.0,106L CARGA,1
938,SISTEMA MANIFOLDTANK SIZE 106LFM-2001-2,True,SISTEMA MANIFOLD,TANK SIZE 106L,FM-200,2.0,ANSUL,445736,"TANK SIZE 106L, Fill: 117-233 lb",c/u.,1.0,445736,1
939,SISTEMA MANIFOLDTANK SIZE 106LFM-2001-3,True,SISTEMA MANIFOLD,TANK SIZE 106L,FM-200,3.0,ANSUL,FM-200-SRL,"FM-200 Agent,",c/u.,2.0,453646,1
940,SISTEMA MANIFOLDTANK SIZE 106LFM-2001-4,True,SISTEMA MANIFOLD,TANK SIZE 106L,FM-200,4.0,ANSUL,570055,"Gauge, Cylinder Valve FM-200",c/u.,1.0,570055,1
941,SISTEMA MANIFOLDTANK SIZE 106LFM-2001-5,True,SISTEMA MANIFOLD,TANK SIZE 106L,FM-200,5.0,ANSUL,314205314,Label FM-200 32/106/147/180/343L UL/FM,c/u.,1.0,314205314,1
942,SISTEMA MANIFOLDTANK SIZE 106LFM-2001-6,True,SISTEMA MANIFOLD,TANK SIZE 106L,FM-200,6.0,ANSUL,570585,Cylinder Low Pressure Switch,c/u.,1.0,570585,1
943,SISTEMA MANIFOLDTANK SIZE 106LFM-2001-7,True,SISTEMA MANIFOLD,TANK SIZE 106L,FM-200,7.0,ANSUL,304205030,Electric Actuator Shipping Assembly,c/u.,1.0,304205030,1
944,SISTEMA MANIFOLDTANK SIZE 106LFM-2001-8,True,SISTEMA MANIFOLD,TANK SIZE 106L,FM-200,8.0,ANSUL,A1638150HY,Local Manual Actuator,c/u.,1.0,A1638150HY,1
945,SISTEMA MANIFOLDTANK SIZE 106LFM-2001-9,True,SISTEMA MANIFOLD,TANK SIZE 106L,FM-200,9.0,ANSUL,570092-R2,"Tank Bracket Assembly (Fits 140, 280, 390 & 450 lb. Tanks)",c/u.,2.0,570092-R2,1
946,SISTEMA MANIFOLDTANK SIZE 106LFM-2001-10,True,SISTEMA MANIFOLD,TANK SIZE 106L,FM-200,10.0,ANSUL,17549OK,"Nozzle, según memoria de calculo",c/u.,1.0,NOZ. 106L,1
947,SISTEMA MANIFOLDTANK SIZE 106LFM-2001-11,True,SISTEMA MANIFOLD,TANK SIZE 106L,FM-200,11.0,ANSUL,442927-R2,"NAMEPLATE, FM200, DO NOT ENTER",c/u.,1.0,442927-R2,1
948,SISTEMA MANIFOLDTANK SIZE 106LFM-2001-12,True,SISTEMA MANIFOLD,TANK SIZE 106L,FM-200,12.0,ANSUL,442928-R2,"NAMEPLATE, FM200, PROTECTED,",c/u.,1.0,442928-R2,1
949,SISTEMA MANIFOLDTANK SIZE 106LFM-2001-13,True,SISTEMA MANIFOLD,TANK SIZE 106L,FM-200,13.0,ANSUL,570538-R2,"Flexible Discharge Hose, 2 in.",c/u.,1.0,570538-R2,1
950,SISTEMA MANIFOLDTANK SIZE 106LFM-2001-14,True,SISTEMA MANIFOLD,TANK SIZE 106L,FM-200,14.0,ANSUL,570568,"Manifold Check Valve, 2 in.",c/u.,1.0,570568,1
951,SISTEMA MANIFOLDTANK SIZE 106LFM-2001-15,True,SISTEMA MANIFOLD,TANK SIZE 106L,FM-200,15.0,ANSUL,570550,Pneumatic Actuator,c/u.,0.0,570550,1
952,SISTEMA MANIFOLDTANK SIZE 106LFM-2001-16,True,SISTEMA MANIFOLD,TANK SIZE 106L,FM-200,16.0,ANSUL,32338,"Male Straight Connector, 7/16 - 20 x 1/4 in. NPT",c/u.,1.0,32338,1
953,SISTEMA MANIFOLDTANK SIZE 106LFM-2001-17,True,SISTEMA MANIFOLD,TANK SIZE 106L,FM-200,17.0,ANSUL,31810,"Male Elbow, 7/16-20 x 1/4 in. NPT",c/u.,1.0,31810,1
954,SISTEMA MANIFOLDTANK SIZE 106LFM-2001-18,True,SISTEMA MANIFOLD,TANK SIZE 106L,FM-200,18.0,ANSUL,32336,"Actuation Hose, Swivel, Stainless Braided, 24 in., 1/4 in. Female",c/u.,0.0,32336,1
955,SISTEMA MANIFOLDTANK SIZE 106LFM-2001-19,True,SISTEMA MANIFOLD,TANK SIZE 106L,FM-200,19.0,ANSUL,31811,"Male Tee, 7/16 - 20 x 1/4 in. NPT",c/u.,0.0,31811,1
956,SISTEMA MANIFOLDTANK SIZE 106LFM-2001-20,True,SISTEMA MANIFOLD,TANK SIZE 106L,FM-200,20.0,,,,,,0,1
957,SISTEMA MANIFOLDTANK SIZE 106LFM-2001-21,True,SISTEMA MANIFOLD,TANK SIZE 106L,FM-200,21.0,ANSUL,437900,"Switch, Pressure, 3PDT",c/u.,1.0,437900,1
958,SISTEMA MANIFOLDTANK SIZE 106LFM-2001-22,True,SISTEMA MANIFOLD,TANK SIZE 106L,FM-200,22.0,ANSUL,31811,"Male Tee, 7/16 - 20 x 1/4 in. NPT",c/u.,1.0,31811,1
959,SISTEMA MANIFOLDTANK SIZE 106LFM-2001-23,True,SISTEMA MANIFOLD,TANK SIZE 106L,FM-200,23.0,ANSUL,415142,"Acutation Hose, 32 in., 1/4 in. NPT x 7/16-20 in. F Flare",c/u.,1.0,415142,1
960,SISTEMA MANIFOLDTANK SIZE 106LFM-2001-24,True,SISTEMA MANIFOLD,TANK SIZE 106L,FM-200,24.0,ANSUL,76498,"Switch, Maintenance, Surface Mount",c/u.,1.0,76498,1
961,SISTEMA MANIFOLDTANK SIZE 106LFM-2001-25,True,SISTEMA MANIFOLD,TANK SIZE 106L,FM-200,25.0,ANSUL,570277,"Liquid Level Indicator (For 280 lb. Tank), 32 in.",c/u.,1.0,570277,1
963,SISTEMA MANIFOLDTANK SIZE 147LFM-2001-1,True,SISTEMA MANIFOLD,TANK SIZE 147L,FM-200,1.0,ANSUL,AGLIMP-RECARGA-00,SERVICIO DE CARGA DE AGENTE 147L,c/u.,1.0,147L CARGA,1
964,SISTEMA MANIFOLDTANK SIZE 147LFM-2001-2,True,SISTEMA MANIFOLD,TANK SIZE 147L,FM-200,2.0,ANSUL,445737,"TANK SIZE 147L, Fill: 163-324 lb.",c/u.,1.0,445737,1
965,SISTEMA MANIFOLDTANK SIZE 147LFM-2001-3,True,SISTEMA MANIFOLD,TANK SIZE 147L,FM-200,3.0,ANSUL,FM-200-SRL,"FM-200 Agent,",c/u.,2.0,453646,1
966,SISTEMA MANIFOLDTANK SIZE 147LFM-2001-4,True,SISTEMA MANIFOLD,TANK SIZE 147L,FM-200,4.0,ANSUL,570055,"Gauge, Cylinder Valve FM-200",c/u.,1.0,570055,1
967,SISTEMA MANIFOLDTANK SIZE 147LFM-2001-5,True,SISTEMA MANIFOLD,TANK SIZE 147L,FM-200,5.0,ANSUL,314205314,Label FM-200 32/106/147/180/343L UL/FM,c/u.,1.0,314205314,1
968,SISTEMA MANIFOLDTANK SIZE 147LFM-2001-6,True,SISTEMA MANIFOLD,TANK SIZE 147L,FM-200,6.0,ANSUL,570585,Cylinder Low Pressure Switch,c/u.,1.0,570585,1
969,SISTEMA MANIFOLDTANK SIZE 147LFM-2001-7,True,SISTEMA MANIFOLD,TANK SIZE 147L,FM-200,7.0,ANSUL,304205030,Electric Actuator Shipping Assembly,c/u.,1.0,304205030,1
970,SISTEMA MANIFOLDTANK SIZE 147LFM-2001-8,True,SISTEMA MANIFOLD,TANK SIZE 147L,FM-200,8.0,ANSUL,A1638150HY,Local Manual Actuator,c/u.,1.0,A1638150HY,1
971,SISTEMA MANIFOLDTANK SIZE 147LFM-2001-9,True,SISTEMA MANIFOLD,TANK SIZE 147L,FM-200,9.0,ANSUL,570092-R2,"Tank Bracket Assembly (Fits 140, 280, 390 & 450 lb. Tanks)",c/u.,2.0,570092-R2,1
972,SISTEMA MANIFOLDTANK SIZE 147LFM-2001-10,True,SISTEMA MANIFOLD,TANK SIZE 147L,FM-200,10.0,ANSUL,17549OK,"Nozzle, según memoria de calculo",c/u.,1.0,NOZ. 147L,1
973,SISTEMA MANIFOLDTANK SIZE 147LFM-2001-11,True,SISTEMA MANIFOLD,TANK SIZE 147L,FM-200,11.0,ANSUL,442927-R2,"NAMEPLATE, FM200, DO NOT ENTER",c/u.,1.0,442927-R2,1
974,SISTEMA MANIFOLDTANK SIZE 147LFM-2001-12,True,SISTEMA MANIFOLD,TANK SIZE 147L,FM-200,12.0,ANSUL,442928-R2,"NAMEPLATE, FM200, PROTECTED,",c/u.,1.0,442928-R2,1
975,SISTEMA MANIFOLDTANK SIZE 147LFM-2001-13,True,SISTEMA MANIFOLD,TANK SIZE 147L,FM-200,13.0,ANSUL,570538-R2,"Flexible Discharge Hose, 2 in.",c/u.,1.0,570538-R2,1
976,SISTEMA MANIFOLDTANK SIZE 147LFM-2001-14,True,SISTEMA MANIFOLD,TANK SIZE 147L,FM-200,14.0,ANSUL,570568,"Manifold Check Valve, 2 in.",c/u.,1.0,570568,1
977,SISTEMA MANIFOLDTANK SIZE 147LFM-2001-15,True,SISTEMA MANIFOLD,TANK SIZE 147L,FM-200,15.0,ANSUL,570550,Pneumatic Actuator,c/u.,0.0,570550,1
978,SISTEMA MANIFOLDTANK SIZE 147LFM-2001-16,True,SISTEMA MANIFOLD,TANK SIZE 147L,FM-200,16.0,ANSUL,32338,"Male Straight Connector, 7/16 - 20 x 1/4 in. NPT",c/u.,1.0,32338,1
979,SISTEMA MANIFOLDTANK SIZE 147LFM-2001-17,True,SISTEMA MANIFOLD,TANK SIZE 147L,FM-200,17.0,ANSUL,31810,"Male Elbow, 7/16-20 x 1/4 in. NPT",c/u.,1.0,31810,1
980,SISTEMA MANIFOLDTANK SIZE 147LFM-2001-18,True,SISTEMA MANIFOLD,TANK SIZE 147L,FM-200,18.0,ANSUL,32336,"Actuation Hose, Swivel, Stainless Braided, 24 in., 1/4 in. Female",c/u.,0.0,32336,1
981,SISTEMA MANIFOLDTANK SIZE 147LFM-2001-19,True,SISTEMA MANIFOLD,TANK SIZE 147L,FM-200,19.0,ANSUL,31811,"Male Tee, 7/16 - 20 x 1/4 in. NPT",c/u.,0.0,31811,1
982,SISTEMA MANIFOLDTANK SIZE 147LFM-2001-20,True,SISTEMA MANIFOLD,TANK SIZE 147L,FM-200,20.0,,,,,,0,1
983,SISTEMA MANIFOLDTANK SIZE 147LFM-2001-21,True,SISTEMA MANIFOLD,TANK SIZE 147L,FM-200,21.0,ANSUL,437900,"Switch, Pressure, 3PDT",c/u.,1.0,437900,1
984,SISTEMA MANIFOLDTANK SIZE 147LFM-2001-22,True,SISTEMA MANIFOLD,TANK SIZE 147L,FM-200,22.0,ANSUL,31811,"Male Tee, 7/16 - 20 x 1/4 in. NPT",c/u.,1.0,31811,1
985,SISTEMA MANIFOLDTANK SIZE 147LFM-2001-23,True,SISTEMA MANIFOLD,TANK SIZE 147L,FM-200,23.0,ANSUL,415142,"Acutation Hose, 32 in., 1/4 in. NPT x 7/16-20 in. F Flare",c/u.,1.0,415142,1
986,SISTEMA MANIFOLDTANK SIZE 147LFM-2001-24,True,SISTEMA MANIFOLD,TANK SIZE 147L,FM-200,24.0,ANSUL,76498,"Switch, Maintenance, Surface Mount",c/u.,1.0,76498,1
987,SISTEMA MANIFOLDTANK SIZE 147LFM-2001-25,True,SISTEMA MANIFOLD,TANK SIZE 147L,FM-200,25.0,ANSUL,570278,"Liquid Level Indicator (For 390 & 850 lb. Tanks), 43 in.",c/u.,1.0,570278,1
989,SISTEMA MANIFOLDTANK SIZE 180LFM-2001-1,True,SISTEMA MANIFOLD,TANK SIZE 180L,FM-200,1.0,ANSUL,AGLIMP-RECARGA-00,SERVICIO DE CARGA DE AGENTE 180L,c/u.,1.0,180L CARGA,1
990,SISTEMA MANIFOLDTANK SIZE 180LFM-2001-2,True,SISTEMA MANIFOLD,TANK SIZE 180L,FM-200,2.0,ANSUL,445738,"TANK SIZE 180L, Fill: 199-396 lb.",c/u.,1.0,445738,1
991,SISTEMA MANIFOLDTANK SIZE 180LFM-2001-3,True,SISTEMA MANIFOLD,TANK SIZE 180L,FM-200,3.0,ANSUL,FM-200-SRL,"FM-200 Agent,",c/u.,2.0,453646,1
992,SISTEMA MANIFOLDTANK SIZE 180LFM-2001-4,True,SISTEMA MANIFOLD,TANK SIZE 180L,FM-200,4.0,ANSUL,570055,"Gauge, Cylinder Valve FM-200",c/u.,1.0,570055,1
993,SISTEMA MANIFOLDTANK SIZE 180LFM-2001-5,True,SISTEMA MANIFOLD,TANK SIZE 180L,FM-200,5.0,ANSUL,314205314,Label FM-200 32/106/147/180/343L UL/FM,c/u.,1.0,314205314,1
994,SISTEMA MANIFOLDTANK SIZE 180LFM-2001-6,True,SISTEMA MANIFOLD,TANK SIZE 180L,FM-200,6.0,ANSUL,570585,Cylinder Low Pressure Switch,c/u.,1.0,570585,1
995,SISTEMA MANIFOLDTANK SIZE 180LFM-2001-7,True,SISTEMA MANIFOLD,TANK SIZE 180L,FM-200,7.0,ANSUL,304205030,Electric Actuator Shipping Assembly,c/u.,1.0,304205030,1
996,SISTEMA MANIFOLDTANK SIZE 180LFM-2001-8,True,SISTEMA MANIFOLD,TANK SIZE 180L,FM-200,8.0,ANSUL,A1638150HY,Local Manual Actuator,c/u.,1.0,A1638150HY,1
997,SISTEMA MANIFOLDTANK SIZE 180LFM-2001-9,True,SISTEMA MANIFOLD,TANK SIZE 180L,FM-200,9.0,ANSUL,570092-R2,"Tank Bracket Assembly (Fits 140, 280, 390 & 450 lb. Tanks)",c/u.,2.0,570092-R2,1
998,SISTEMA MANIFOLDTANK SIZE 180LFM-2001-10,True,SISTEMA MANIFOLD,TANK SIZE 180L,FM-200,10.0,ANSUL,17549OK,"Nozzle, según memoria de calculo",c/u.,1.0,NOZ. 180L,1
999,SISTEMA MANIFOLDTANK SIZE 180LFM-2001-11,True,SISTEMA MANIFOLD,TANK SIZE 180L,FM-200,11.0,ANSUL,442927-R2,"NAMEPLATE, FM200, DO NOT ENTER",c/u.,1.0,442927-R2,1
1000,SISTEMA MANIFOLDTANK SIZE 180LFM-2001-12,True,SISTEMA MANIFOLD,TANK SIZE 180L,FM-200,12.0,ANSUL,442928-R2,"NAMEPLATE, FM200, PROTECTED,",c/u.,1.0,442928-R2,1
1001,SISTEMA MANIFOLDTANK SIZE 180LFM-2001-13,True,SISTEMA MANIFOLD,TANK SIZE 180L,FM-200,13.0,ANSUL,570538-R2,"Flexible Discharge Hose, 2 in.",c/u.,1.0,570538-R2,1
1002,SISTEMA MANIFOLDTANK SIZE 180LFM-2001-14,True,SISTEMA MANIFOLD,TANK SIZE 180L,FM-200,14.0,ANSUL,570568,"Manifold Check Valve, 2 in.",c/u.,1.0,570568,1
1003,SISTEMA MANIFOLDTANK SIZE 180LFM-2001-15,True,SISTEMA MANIFOLD,TANK SIZE 180L,FM-200,15.0,ANSUL,570550,Pneumatic Actuator,c/u.,0.0,570550,1
1004,SISTEMA MANIFOLDTANK SIZE 180LFM-2001-16,True,SISTEMA MANIFOLD,TANK SIZE 180L,FM-200,16.0,ANSUL,32338,"Male Straight Connector, 7/16 - 20 x 1/4 in. NPT",c/u.,1.0,32338,1
1005,SISTEMA MANIFOLDTANK SIZE 180LFM-2001-17,True,SISTEMA MANIFOLD,TANK SIZE 180L,FM-200,17.0,ANSUL,31810,"Male Elbow, 7/16-20 x 1/4 in. NPT",c/u.,1.0,31810,1
1006,SISTEMA MANIFOLDTANK SIZE 180LFM-2001-18,True,SISTEMA MANIFOLD,TANK SIZE 180L,FM-200,18.0,ANSUL,32336,"Actuation Hose, Swivel, Stainless Braided, 24 in., 1/4 in. Female",c/u.,0.0,32336,1
1007,SISTEMA MANIFOLDTANK SIZE 180LFM-2001-19,True,SISTEMA MANIFOLD,TANK SIZE 180L,FM-200,19.0,ANSUL,31811,"Male Tee, 7/16 - 20 x 1/4 in. NPT",c/u.,0.0,31811,1
1008,SISTEMA MANIFOLDTANK SIZE 180LFM-2001-20,True,SISTEMA MANIFOLD,TANK SIZE 180L,FM-200,20.0,,,,,,0,1
1009,SISTEMA MANIFOLDTANK SIZE 180LFM-2001-21,True,SISTEMA MANIFOLD,TANK SIZE 180L,FM-200,21.0,ANSUL,437900,"Switch, Pressure, 3PDT",c/u.,1.0,437900,1
1010,SISTEMA MANIFOLDTANK SIZE 180LFM-2001-22,True,SISTEMA MANIFOLD,TANK SIZE 180L,FM-200,22.0,ANSUL,31811,"Male Tee, 7/16 - 20 x 1/4 in. NPT",c/u.,1.0,31811,1
1011,SISTEMA MANIFOLDTANK SIZE 180LFM-2001-23,True,SISTEMA MANIFOLD,TANK SIZE 180L,FM-200,23.0,ANSUL,415142,"Acutation Hose, 32 in., 1/4 in. NPT x 7/16-20 in. F Flare",c/u.,1.0,415142,1
1012,SISTEMA MANIFOLDTANK SIZE 180LFM-2001-24,True,SISTEMA MANIFOLD,TANK SIZE 180L,FM-200,24.0,ANSUL,76498,"Switch, Maintenance, Surface Mount",c/u.,1.0,76498,1
1013,SISTEMA MANIFOLDTANK SIZE 180LFM-2001-25,True,SISTEMA MANIFOLD,TANK SIZE 180L,FM-200,25.0,ANSUL,570278,"Liquid Level Indicator (For 390 & 850 lb. Tanks), 43 in.",c/u.,1.0,570278,1
1015,SISTEMA MANIFOLDTANK SIZE 343LFM-2001-1,True,SISTEMA MANIFOLD,TANK SIZE 343L,FM-200,1.0,ANSUL,AGLIMP-RECARGA-00,SERVICIO DE CARGA DE AGENTE 343L,c/u.,1.0,343L CARGA,1
1016,SISTEMA MANIFOLDTANK SIZE 343LFM-2001-2,True,SISTEMA MANIFOLD,TANK SIZE 343L,FM-200,2.0,ANSUL,445739,"TANK SIZE 343L, Fill: 379-756 lb.",c/u.,1.0,445739,1
1017,SISTEMA MANIFOLDTANK SIZE 343LFM-2001-3,True,SISTEMA MANIFOLD,TANK SIZE 343L,FM-200,3.0,ANSUL,FM-200-SRL,"FM-200 Agent,",c/u.,2.0,453646,1
1018,SISTEMA MANIFOLDTANK SIZE 343LFM-2001-4,True,SISTEMA MANIFOLD,TANK SIZE 343L,FM-200,4.0,ANSUL,570055,"Gauge, Cylinder Valve FM-200",c/u.,1.0,570055,1
1019,SISTEMA MANIFOLDTANK SIZE 343LFM-2001-5,True,SISTEMA MANIFOLD,TANK SIZE 343L,FM-200,5.0,ANSUL,314205314,Label FM-200 32/106/147/180/343L UL/FM,c/u.,1.0,314205314,1
1020,SISTEMA MANIFOLDTANK SIZE 343LFM-2001-6,True,SISTEMA MANIFOLD,TANK SIZE 343L,FM-200,6.0,ANSUL,570585,Cylinder Low Pressure Switch,c/u.,1.0,570585,1
1021,SISTEMA MANIFOLDTANK SIZE 343LFM-2001-7,True,SISTEMA MANIFOLD,TANK SIZE 343L,FM-200,7.0,ANSUL,304205030,Electric Actuator Shipping Assembly,c/u.,1.0,304205030,1
1022,SISTEMA MANIFOLDTANK SIZE 343LFM-2001-8,True,SISTEMA MANIFOLD,TANK SIZE 343L,FM-200,8.0,ANSUL,A1638150HY,Local Manual Actuator,c/u.,1.0,A1638150HY,1
1023,SISTEMA MANIFOLDTANK SIZE 343LFM-2001-9,True,SISTEMA MANIFOLD,TANK SIZE 343L,FM-200,9.0,ANSUL,570336-R2,Tank Bracket Assembly (Fits 850 lb. Tank),c/u.,2.0,570336-R2,1
1024,SISTEMA MANIFOLDTANK SIZE 343LFM-2001-10,True,SISTEMA MANIFOLD,TANK SIZE 343L,FM-200,10.0,ANSUL,17549OK,"Nozzle, según memoria de calculo",c/u.,1.0,NOZ. 343L,1
1025,SISTEMA MANIFOLDTANK SIZE 343LFM-2001-11,True,SISTEMA MANIFOLD,TANK SIZE 343L,FM-200,11.0,ANSUL,442927-R2,"NAMEPLATE, FM200, DO NOT ENTER",c/u.,1.0,442927-R2,1
1026,SISTEMA MANIFOLDTANK SIZE 343LFM-2001-12,True,SISTEMA MANIFOLD,TANK SIZE 343L,FM-200,12.0,ANSUL,442928-R2,"NAMEPLATE, FM200, PROTECTED,",c/u.,1.0,442928-R2,1
1027,SISTEMA MANIFOLDTANK SIZE 343LFM-2001-13,True,SISTEMA MANIFOLD,TANK SIZE 343L,FM-200,13.0,ANSUL,69841-R2,"Discharge Hose/Check Valve Assembly, 3 in.",c/u.,1.0,69841-R2,1
1028,SISTEMA MANIFOLDTANK SIZE 343LFM-2001-14,True,SISTEMA MANIFOLD,TANK SIZE 343L,FM-200,14.0,ANSUL,570550,Pneumatic Actuator,c/u.,0.0,570550,1
1029,SISTEMA MANIFOLDTANK SIZE 343LFM-2001-15,True,SISTEMA MANIFOLD,TANK SIZE 343L,FM-200,15.0,ANSUL,32338,"Male Straight Connector, 7/16 - 20 x 1/4 in. NPT",c/u.,1.0,32338,1
1030,SISTEMA MANIFOLDTANK SIZE 343LFM-2001-16,True,SISTEMA MANIFOLD,TANK SIZE 343L,FM-200,16.0,ANSUL,31810,"Male Elbow, 7/16-20 x 1/4 in. NPT",c/u.,1.0,31810,1
1031,SISTEMA MANIFOLDTANK SIZE 343LFM-2001-17,True,SISTEMA MANIFOLD,TANK SIZE 343L,FM-200,17.0,ANSUL,32336,"Actuation Hose, Swivel, Stainless Braided, 24 in., 1/4 in. Female",c/u.,0.0,32336,1
1032,SISTEMA MANIFOLDTANK SIZE 343LFM-2001-18,True,SISTEMA MANIFOLD,TANK SIZE 343L,FM-200,18.0,ANSUL,31811,"Male Tee, 7/16 - 20 x 1/4 in. NPT",c/u.,0.0,31811,1
1033,SISTEMA MANIFOLDTANK SIZE 343LFM-2001-19,True,SISTEMA MANIFOLD,TANK SIZE 343L,FM-200,19.0,,,,,,0,1
1034,SISTEMA MANIFOLDTANK SIZE 343LFM-2001-20,True,SISTEMA MANIFOLD,TANK SIZE 343L,FM-200,20.0,ANSUL,437900,"Switch, Pressure, 3PDT",c/u.,1.0,437900,1
1035,SISTEMA MANIFOLDTANK SIZE 343LFM-2001-21,True,SISTEMA MANIFOLD,TANK SIZE 343L,FM-200,21.0,ANSUL,31811,"Male Tee, 7/16 - 20 x 1/4 in. NPT",c/u.,1.0,31811,1
1036,SISTEMA MANIFOLDTANK SIZE 343LFM-2001-22,True,SISTEMA MANIFOLD,TANK SIZE 343L,FM-200,22.0,ANSUL,430815,"Acutation Hose, 42 in., 1/4 in. NPT x 7/16-20 in. F Flare",c/u.,1.0,430815,1
1037,SISTEMA MANIFOLDTANK SIZE 343LFM-2001-23,True,SISTEMA MANIFOLD,TANK SIZE 343L,FM-200,23.0,ANSUL,76498,"Switch, Maintenance, Surface Mount",c/u.,1.0,76498,1
1038,SISTEMA MANIFOLDTANK SIZE 343LFM-2001-24,True,SISTEMA MANIFOLD,TANK SIZE 343L,FM-200,24.0,ANSUL,570278,"Liquid Level Indicator (For 390 & 850 lb. Tanks), 43 in.",c/u.,1.0,570278,1
1040,SISTEMA MANIFOLDTANK SIZE 8LFK-5-1-121-1,True,SISTEMA MANIFOLD,TANK SIZE 8L,FK-5-1-12,1.0,ANSUL,AGLIMP-RECARGA-00,SERVICIO DE CARGA DE AGENTE 8L,c/u.,1.0,8L CARGA,1
1041,SISTEMA MANIFOLDTANK SIZE 8LFK-5-1-121-2,True,SISTEMA MANIFOLD,TANK SIZE 8L,FK-5-1-12,2.0,ANSUL,445732,"TANK SIZE 8L, Fill: 9-21 lb.",c/u.,1.0,445732,1
1042,SISTEMA MANIFOLDTANK SIZE 8LFK-5-1-121-3,True,SISTEMA MANIFOLD,TANK SIZE 8L,FK-5-1-12,3.0,ANSUL,FK-5-1-12,FK-5-1-12  FLUID FACTORY FILL PER L,c/u.,2.0,FK-5-1-12,1
1043,SISTEMA MANIFOLDTANK SIZE 8LFK-5-1-121-4,True,SISTEMA MANIFOLD,TANK SIZE 8L,FK-5-1-12,4.0,ANSUL,302207021,"Pressure Gauge, FK-5-1-12",c/u.,1.0,302207021,1
1044,SISTEMA MANIFOLDTANK SIZE 8LFK-5-1-121-5,True,SISTEMA MANIFOLD,TANK SIZE 8L,FK-5-1-12,5.0,ANSUL,314207207,SAPPHIRE Label 8/16/52L UL/FM,c/u.,1.0,314207207,1
1045,SISTEMA MANIFOLDTANK SIZE 8LFK-5-1-121-6,True,SISTEMA MANIFOLD,TANK SIZE 8L,FK-5-1-12,6.0,ANSUL,570585,Cylinder Low Pressure Switch,c/u.,1.0,570585,1
1046,SISTEMA MANIFOLDTANK SIZE 8LFK-5-1-121-7,True,SISTEMA MANIFOLD,TANK SIZE 8L,FK-5-1-12,7.0,ANSUL,304205030,Electric Actuator Shipping Assembly,c/u.,1.0,304205030,1
1047,SISTEMA MANIFOLDTANK SIZE 8LFK-5-1-121-8,True,SISTEMA MANIFOLD,TANK SIZE 8L,FK-5-1-12,8.0,ANSUL,A1638150HY,Local Manual Actuator,c/u.,1.0,A1638150HY,1
1048,SISTEMA MANIFOLDTANK SIZE 8LFK-5-1-121-9,True,SISTEMA MANIFOLD,TANK SIZE 8L,FK-5-1-12,9.0,ANSUL,570085-R2,"Tank Bracket Assembly (Fits 20, 50 & 90 lb. Tanks)",c/u.,1.0,570085-R2,1
1049,SISTEMA MANIFOLDTANK SIZE 8LFK-5-1-121-10,True,SISTEMA MANIFOLD,TANK SIZE 8L,FK-5-1-12,10.0,ANSUL,17549OK,"Nozzle, según memoria de calculo",c/u.,1.0,NOZ. 8L,1
1050,SISTEMA MANIFOLDTANK SIZE 8LFK-5-1-121-11,True,SISTEMA MANIFOLD,TANK SIZE 8L,FK-5-1-12,11.0,ANSUL,314207101-R2,DOOR NOTICE (LESS THAN NOAEL),c/u.,1.0,314207101-R2,1
1051,SISTEMA MANIFOLDTANK SIZE 8LFK-5-1-121-12,True,SISTEMA MANIFOLD,TANK SIZE 8L,FK-5-1-12,12.0,ANSUL,314207103-R2,MANUAL RELEASE SIGN,c/u.,1.0,314207103-R2,1
1052,SISTEMA MANIFOLDTANK SIZE 8LFK-5-1-121-13,True,SISTEMA MANIFOLD,TANK SIZE 8L,FK-5-1-12,13.0,ANSUL,570539-R2,"Flexible Discharge Hose, 1 in.",c/u.,1.0,570539-R2,1
1053,SISTEMA MANIFOLDTANK SIZE 8LFK-5-1-121-14,True,SISTEMA MANIFOLD,TANK SIZE 8L,FK-5-1-12,14.0,ANSUL,570566,"Manifold Check Valve, 1 in.",c/u.,1.0,570566,1
1054,SISTEMA MANIFOLDTANK SIZE 8LFK-5-1-121-15,True,SISTEMA MANIFOLD,TANK SIZE 8L,FK-5-1-12,15.0,ANSUL,570550,Pneumatic Actuator,c/u.,0.0,570550,1
1055,SISTEMA MANIFOLDTANK SIZE 8LFK-5-1-121-16,True,SISTEMA MANIFOLD,TANK SIZE 8L,FK-5-1-12,16.0,ANSUL,32338,"Male Straight Connector, 7/16 - 20 x 1/4 in. NPT",c/u.,1.0,32338,1
1056,SISTEMA MANIFOLDTANK SIZE 8LFK-5-1-121-17,True,SISTEMA MANIFOLD,TANK SIZE 8L,FK-5-1-12,17.0,ANSUL,31810,"Male Elbow, 7/16-20 x 1/4 in. NPT",c/u.,1.0,31810,1
1057,SISTEMA MANIFOLDTANK SIZE 8LFK-5-1-121-18,True,SISTEMA MANIFOLD,TANK SIZE 8L,FK-5-1-12,18.0,ANSUL,32336,"Actuation Hose, Swivel, Stainless Braided, 24 in., 1/4 in. Female",c/u.,0.0,32336,1
1058,SISTEMA MANIFOLDTANK SIZE 8LFK-5-1-121-19,True,SISTEMA MANIFOLD,TANK SIZE 8L,FK-5-1-12,19.0,ANSUL,31811,"Male Tee, 7/16 - 20 x 1/4 in. NPT",c/u.,0.0,31811,1
1059,SISTEMA MANIFOLDTANK SIZE 8LFK-5-1-121-20,True,SISTEMA MANIFOLD,TANK SIZE 8L,FK-5-1-12,20.0,,,,,,0,1
1060,SISTEMA MANIFOLDTANK SIZE 8LFK-5-1-121-21,True,SISTEMA MANIFOLD,TANK SIZE 8L,FK-5-1-12,21.0,ANSUL,437900,"Switch, Pressure, 3PDT",c/u.,1.0,437900,1
1061,SISTEMA MANIFOLDTANK SIZE 8LFK-5-1-121-22,True,SISTEMA MANIFOLD,TANK SIZE 8L,FK-5-1-12,22.0,ANSUL,31811,"Male Tee, 7/16 - 20 x 1/4 in. NPT",c/u.,1.0,31811,1
1062,SISTEMA MANIFOLDTANK SIZE 8LFK-5-1-121-23,True,SISTEMA MANIFOLD,TANK SIZE 8L,FK-5-1-12,23.0,ANSUL,73597,"Acutation Hose, 16 in., 1/4 in. NPT x 7/16-20 in. F Flare",c/u.,1.0,73597,1
1063,SISTEMA MANIFOLDTANK SIZE 8LFK-5-1-121-24,True,SISTEMA MANIFOLD,TANK SIZE 8L,FK-5-1-12,24.0,ANSUL,76498,"Switch, Maintenance, Surface Mount",c/u.,1.0,76498,1
1065,SISTEMA MANIFOLDTANK SIZE 16LFK-5-1-121-1,True,SISTEMA MANIFOLD,TANK SIZE 16L,FK-5-1-12,1.0,ANSUL,AGLIMP-RECARGA-00,SERVICIO DE CARGA DE AGENTE 16L,c/u.,1.0,16L CARGA,1
1066,SISTEMA MANIFOLDTANK SIZE 16LFK-5-1-121-2,True,SISTEMA MANIFOLD,TANK SIZE 16L,FK-5-1-12,2.0,ANSUL,445733,"TANK SIZE 16L, Fill: 18 - 42 lbs.",c/u.,1.0,445733,1
1067,SISTEMA MANIFOLDTANK SIZE 16LFK-5-1-121-3,True,SISTEMA MANIFOLD,TANK SIZE 16L,FK-5-1-12,3.0,ANSUL,FK-5-1-12,FK-5-1-12  FLUID FACTORY FILL PER L,c/u.,2.0,FK-5-1-12,1
1068,SISTEMA MANIFOLDTANK SIZE 16LFK-5-1-121-4,True,SISTEMA MANIFOLD,TANK SIZE 16L,FK-5-1-12,4.0,ANSUL,302207021,"Pressure Gauge, FK-5-1-12",c/u.,1.0,302207021,1
1069,SISTEMA MANIFOLDTANK SIZE 16LFK-5-1-121-5,True,SISTEMA MANIFOLD,TANK SIZE 16L,FK-5-1-12,5.0,ANSUL,314207207,SAPPHIRE Label 8/16/52L UL/FM,c/u.,1.0,314207207,1
1070,SISTEMA MANIFOLDTANK SIZE 16LFK-5-1-121-6,True,SISTEMA MANIFOLD,TANK SIZE 16L,FK-5-1-12,6.0,ANSUL,570585,Cylinder Low Pressure Switch,c/u.,1.0,570585,1
1071,SISTEMA MANIFOLDTANK SIZE 16LFK-5-1-121-7,True,SISTEMA MANIFOLD,TANK SIZE 16L,FK-5-1-12,7.0,ANSUL,304205030,Electric Actuator Shipping Assembly,c/u.,1.0,304205030,1
1072,SISTEMA MANIFOLDTANK SIZE 16LFK-5-1-121-8,True,SISTEMA MANIFOLD,TANK SIZE 16L,FK-5-1-12,8.0,ANSUL,A1638150HY,Local Manual Actuator,c/u.,1.0,A1638150HY,1
1073,SISTEMA MANIFOLDTANK SIZE 16LFK-5-1-121-9,True,SISTEMA MANIFOLD,TANK SIZE 16L,FK-5-1-12,9.0,ANSUL,570085-R2,"Tank Bracket Assembly (Fits 20, 50 & 90 lb. Tanks)",c/u.,2.0,570085-R2,1
1074,SISTEMA MANIFOLDTANK SIZE 16LFK-5-1-121-10,True,SISTEMA MANIFOLD,TANK SIZE 16L,FK-5-1-12,10.0,ANSUL,17549OK,"Nozzle, según memoria de calculo",c/u.,1.0,NOZ. 16L,1
1075,SISTEMA MANIFOLDTANK SIZE 16LFK-5-1-121-11,True,SISTEMA MANIFOLD,TANK SIZE 16L,FK-5-1-12,11.0,ANSUL,314207101-R2,DOOR NOTICE (LESS THAN NOAEL),c/u.,1.0,314207101-R2,1
1076,SISTEMA MANIFOLDTANK SIZE 16LFK-5-1-121-12,True,SISTEMA MANIFOLD,TANK SIZE 16L,FK-5-1-12,12.0,ANSUL,314207103-R2,MANUAL RELEASE SIGN,c/u.,1.0,314207103-R2,1
1077,SISTEMA MANIFOLDTANK SIZE 16LFK-5-1-121-13,True,SISTEMA MANIFOLD,TANK SIZE 16L,FK-5-1-12,13.0,ANSUL,570539-R2,"Flexible Discharge Hose, 1 in.",c/u.,1.0,570539-R2,1
1078,SISTEMA MANIFOLDTANK SIZE 16LFK-5-1-121-14,True,SISTEMA MANIFOLD,TANK SIZE 16L,FK-5-1-12,14.0,ANSUL,570566,"Manifold Check Valve, 1 in.",c/u.,1.0,570566,1
1079,SISTEMA MANIFOLDTANK SIZE 16LFK-5-1-121-15,True,SISTEMA MANIFOLD,TANK SIZE 16L,FK-5-1-12,15.0,ANSUL,570550,Pneumatic Actuator,c/u.,0.0,570550,1
1080,SISTEMA MANIFOLDTANK SIZE 16LFK-5-1-121-16,True,SISTEMA MANIFOLD,TANK SIZE 16L,FK-5-1-12,16.0,ANSUL,32338,"Male Straight Connector, 7/16 - 20 x 1/4 in. NPT",c/u.,1.0,32338,1
1081,SISTEMA MANIFOLDTANK SIZE 16LFK-5-1-121-17,True,SISTEMA MANIFOLD,TANK SIZE 16L,FK-5-1-12,17.0,ANSUL,31810,"Male Elbow, 7/16-20 x 1/4 in. NPT",c/u.,1.0,31810,1
1082,SISTEMA MANIFOLDTANK SIZE 16LFK-5-1-121-18,True,SISTEMA MANIFOLD,TANK SIZE 16L,FK-5-1-12,18.0,ANSUL,32336,"Actuation Hose, Swivel, Stainless Braided, 24 in., 1/4 in. Female",c/u.,0.0,32336,1
1083,SISTEMA MANIFOLDTANK SIZE 16LFK-5-1-121-19,True,SISTEMA MANIFOLD,TANK SIZE 16L,FK-5-1-12,19.0,ANSUL,31811,"Male Tee, 7/16 - 20 x 1/4 in. NPT",c/u.,0.0,31811,1
1084,SISTEMA MANIFOLDTANK SIZE 16LFK-5-1-121-20,True,SISTEMA MANIFOLD,TANK SIZE 16L,FK-5-1-12,20.0,,,,,,0,1
1085,SISTEMA MANIFOLDTANK SIZE 16LFK-5-1-121-21,True,SISTEMA MANIFOLD,TANK SIZE 16L,FK-5-1-12,21.0,ANSUL,437900,"Switch, Pressure, 3PDT",c/u.,1.0,437900,1
1086,SISTEMA MANIFOLDTANK SIZE 16LFK-5-1-121-22,True,SISTEMA MANIFOLD,TANK SIZE 16L,FK-5-1-12,22.0,ANSUL,31811,"Male Tee, 7/16 - 20 x 1/4 in. NPT",c/u.,1.0,31811,1
1087,SISTEMA MANIFOLDTANK SIZE 16LFK-5-1-121-23,True,SISTEMA MANIFOLD,TANK SIZE 16L,FK-5-1-12,23.0,ANSUL,73597,"Acutation Hose, 16 in., 1/4 in. NPT x 7/16-20 in. F Flare",c/u.,1.0,73597,1
1088,SISTEMA MANIFOLDTANK SIZE 16LFK-5-1-121-24,True,SISTEMA MANIFOLD,TANK SIZE 16L,FK-5-1-12,24.0,ANSUL,76498,"Switch, Maintenance, Surface Mount",c/u.,1.0,76498,1
1090,SISTEMA MANIFOLDTANK SIZE 32LFK-5-1-121-1,True,SISTEMA MANIFOLD,TANK SIZE 32L,FK-5-1-12,1.0,ANSUL,AGLIMP-RECARGA-00,SERVICIO DE CARGA DE AGENTE 32L,c/u.,1.0,32L CARGA,1
1091,SISTEMA MANIFOLDTANK SIZE 32LFK-5-1-121-2,True,SISTEMA MANIFOLD,TANK SIZE 32L,FK-5-1-12,2.0,ANSUL,445734,"TANK SIZE 32L, Fill: 36 - 84 lbs.",c/u.,1.0,445734,1
1092,SISTEMA MANIFOLDTANK SIZE 32LFK-5-1-121-3,True,SISTEMA MANIFOLD,TANK SIZE 32L,FK-5-1-12,3.0,ANSUL,FK-5-1-12,FK-5-1-12  FLUID FACTORY FILL PER L,c/u.,2.0,FK-5-1-12,1
1093,SISTEMA MANIFOLDTANK SIZE 32LFK-5-1-121-4,True,SISTEMA MANIFOLD,TANK SIZE 32L,FK-5-1-12,4.0,ANSUL,302207021,"Pressure Gauge, FK-5-1-12",c/u.,1.0,302207021,1
1094,SISTEMA MANIFOLDTANK SIZE 32LFK-5-1-121-5,True,SISTEMA MANIFOLD,TANK SIZE 32L,FK-5-1-12,5.0,ANSUL,314207329,SAPPHIRE Label 32/106 a 343L UL/FM,c/u.,1.0,314207329,1
1095,SISTEMA MANIFOLDTANK SIZE 32LFK-5-1-121-6,True,SISTEMA MANIFOLD,TANK SIZE 32L,FK-5-1-12,6.0,ANSUL,570585,Cylinder Low Pressure Switch,c/u.,1.0,570585,1
1096,SISTEMA MANIFOLDTANK SIZE 32LFK-5-1-121-7,True,SISTEMA MANIFOLD,TANK SIZE 32L,FK-5-1-12,7.0,ANSUL,304205030,Electric Actuator Shipping Assembly,c/u.,1.0,304205030,1
1097,SISTEMA MANIFOLDTANK SIZE 32LFK-5-1-121-8,True,SISTEMA MANIFOLD,TANK SIZE 32L,FK-5-1-12,8.0,ANSUL,A1638150HY,Local Manual Actuator,c/u.,1.0,A1638150HY,1
1098,SISTEMA MANIFOLDTANK SIZE 32LFK-5-1-121-9,True,SISTEMA MANIFOLD,TANK SIZE 32L,FK-5-1-12,9.0,ANSUL,570085-R2,"Tank Bracket Assembly (Fits 20, 50 & 90 lb. Tanks)",c/u.,2.0,570085-R2,1
1099,SISTEMA MANIFOLDTANK SIZE 32LFK-5-1-121-10,True,SISTEMA MANIFOLD,TANK SIZE 32L,FK-5-1-12,10.0,ANSUL,17549OK,"Nozzle, según memoria de calculo",c/u.,1.0,NOZ. 32L,1
1100,SISTEMA MANIFOLDTANK SIZE 32LFK-5-1-121-11,True,SISTEMA MANIFOLD,TANK SIZE 32L,FK-5-1-12,11.0,ANSUL,314207101-R2,DOOR NOTICE (LESS THAN NOAEL),c/u.,1.0,314207101-R2,1
1101,SISTEMA MANIFOLDTANK SIZE 32LFK-5-1-121-12,True,SISTEMA MANIFOLD,TANK SIZE 32L,FK-5-1-12,12.0,ANSUL,314207103-R2,MANUAL RELEASE SIGN,c/u.,1.0,314207103-R2,1
1102,SISTEMA MANIFOLDTANK SIZE 32LFK-5-1-121-13,True,SISTEMA MANIFOLD,TANK SIZE 32L,FK-5-1-12,13.0,ANSUL,570539-R2,"Flexible Discharge Hose, 1 in.",c/u.,1.0,570539-R2,1
1103,SISTEMA MANIFOLDTANK SIZE 32LFK-5-1-121-14,True,SISTEMA MANIFOLD,TANK SIZE 32L,FK-5-1-12,14.0,ANSUL,570566,"Manifold Check Valve, 1 in.",c/u.,1.0,570566,1
1104,SISTEMA MANIFOLDTANK SIZE 32LFK-5-1-121-15,True,SISTEMA MANIFOLD,TANK SIZE 32L,FK-5-1-12,15.0,ANSUL,570550,Pneumatic Actuator,c/u.,0.0,570550,1
1105,SISTEMA MANIFOLDTANK SIZE 32LFK-5-1-121-16,True,SISTEMA MANIFOLD,TANK SIZE 32L,FK-5-1-12,16.0,ANSUL,32338,"Male Straight Connector, 7/16 - 20 x 1/4 in. NPT",c/u.,1.0,32338,1
1106,SISTEMA MANIFOLDTANK SIZE 32LFK-5-1-121-17,True,SISTEMA MANIFOLD,TANK SIZE 32L,FK-5-1-12,17.0,ANSUL,31810,"Male Elbow, 7/16-20 x 1/4 in. NPT",c/u.,1.0,31810,1
1107,SISTEMA MANIFOLDTANK SIZE 32LFK-5-1-121-18,True,SISTEMA MANIFOLD,TANK SIZE 32L,FK-5-1-12,18.0,ANSUL,32336,"Actuation Hose, Swivel, Stainless Braided, 24 in., 1/4 in. Female",c/u.,0.0,32336,1
1108,SISTEMA MANIFOLDTANK SIZE 32LFK-5-1-121-19,True,SISTEMA MANIFOLD,TANK SIZE 32L,FK-5-1-12,19.0,ANSUL,31811,"Male Tee, 7/16 - 20 x 1/4 in. NPT",c/u.,0.0,31811,1
1109,SISTEMA MANIFOLDTANK SIZE 32LFK-5-1-121-20,True,SISTEMA MANIFOLD,TANK SIZE 32L,FK-5-1-12,20.0,,,,,,0,1
1110,SISTEMA MANIFOLDTANK SIZE 32LFK-5-1-121-21,True,SISTEMA MANIFOLD,TANK SIZE 32L,FK-5-1-12,21.0,ANSUL,437900,"Switch, Pressure, 3PDT",c/u.,1.0,437900,1
1111,SISTEMA MANIFOLDTANK SIZE 32LFK-5-1-121-22,True,SISTEMA MANIFOLD,TANK SIZE 32L,FK-5-1-12,22.0,ANSUL,31811,"Male Tee, 7/16 - 20 x 1/4 in. NPT",c/u.,1.0,31811,1
1112,SISTEMA MANIFOLDTANK SIZE 32LFK-5-1-121-23,True,SISTEMA MANIFOLD,TANK SIZE 32L,FK-5-1-12,23.0,ANSUL,73597,"Acutation Hose, 16 in., 1/4 in. NPT x 7/16-20 in. F Flare",c/u.,1.0,73597,1
1113,SISTEMA MANIFOLDTANK SIZE 32LFK-5-1-121-24,True,SISTEMA MANIFOLD,TANK SIZE 32L,FK-5-1-12,24.0,ANSUL,76498,"Switch, Maintenance, Surface Mount",c/u.,1.0,76498,1
1115,SISTEMA MANIFOLDTANK SIZE 52LFK-5-1-121-1,True,SISTEMA MANIFOLD,TANK SIZE 52L,FK-5-1-12,1.0,ANSUL,AGLIMP-RECARGA-00,SERVICIO DE CARGA DE AGENTE 52L,c/u.,1.0,52L CARGA,1
1116,SISTEMA MANIFOLDTANK SIZE 52LFK-5-1-121-2,True,SISTEMA MANIFOLD,TANK SIZE 52L,FK-5-1-12,2.0,ANSUL,445735,"TANK SIZE 52L, Fill: 58-137 lb.",c/u.,1.0,445735,1
1117,SISTEMA MANIFOLDTANK SIZE 52LFK-5-1-121-3,True,SISTEMA MANIFOLD,TANK SIZE 52L,FK-5-1-12,3.0,ANSUL,FK-5-1-12,FK-5-1-12  FLUID FACTORY FILL PER L,c/u.,2.0,FK-5-1-12,1
1118,SISTEMA MANIFOLDTANK SIZE 52LFK-5-1-121-4,True,SISTEMA MANIFOLD,TANK SIZE 52L,FK-5-1-12,4.0,ANSUL,302207021,"Pressure Gauge, FK-5-1-12",c/u.,1.0,302207021,1
1119,SISTEMA MANIFOLDTANK SIZE 52LFK-5-1-121-5,True,SISTEMA MANIFOLD,TANK SIZE 52L,FK-5-1-12,5.0,ANSUL,314207207,SAPPHIRE Label 8/16/52L UL/FM,c/u.,1.0,314207207,1
1120,SISTEMA MANIFOLDTANK SIZE 52LFK-5-1-121-6,True,SISTEMA MANIFOLD,TANK SIZE 52L,FK-5-1-12,6.0,ANSUL,570585,Cylinder Low Pressure Switch,c/u.,1.0,570585,1
1121,SISTEMA MANIFOLDTANK SIZE 52LFK-5-1-121-7,True,SISTEMA MANIFOLD,TANK SIZE 52L,FK-5-1-12,7.0,ANSUL,304205030,Electric Actuator Shipping Assembly,c/u.,1.0,304205030,1
1122,SISTEMA MANIFOLDTANK SIZE 52LFK-5-1-121-8,True,SISTEMA MANIFOLD,TANK SIZE 52L,FK-5-1-12,8.0,ANSUL,A1638150HY,Local Manual Actuator,c/u.,1.0,A1638150HY,1
1123,SISTEMA MANIFOLDTANK SIZE 52LFK-5-1-121-9,True,SISTEMA MANIFOLD,TANK SIZE 52L,FK-5-1-12,9.0,ANSUL,570092-R2,"Tank Bracket Assembly (Fits 140, 280, 390 & 450 lb. Tanks)",c/u.,2.0,570092-R2,1
1124,SISTEMA MANIFOLDTANK SIZE 52LFK-5-1-121-10,True,SISTEMA MANIFOLD,TANK SIZE 52L,FK-5-1-12,10.0,ANSUL,17549OK,"Nozzle, según memoria de calculo",c/u.,1.0,NOZ. 52L,1
1125,SISTEMA MANIFOLDTANK SIZE 52LFK-5-1-121-11,True,SISTEMA MANIFOLD,TANK SIZE 52L,FK-5-1-12,11.0,ANSUL,314207101-R2,DOOR NOTICE (LESS THAN NOAEL),c/u.,1.0,314207101-R2,1
1126,SISTEMA MANIFOLDTANK SIZE 52LFK-5-1-121-12,True,SISTEMA MANIFOLD,TANK SIZE 52L,FK-5-1-12,12.0,ANSUL,314207103-R2,MANUAL RELEASE SIGN,c/u.,1.0,314207103-R2,1
1127,SISTEMA MANIFOLDTANK SIZE 52LFK-5-1-121-13,True,SISTEMA MANIFOLD,TANK SIZE 52L,FK-5-1-12,13.0,ANSUL,570538-R2,"Flexible Discharge Hose, 2 in.",c/u.,1.0,570538-R2,1
1128,SISTEMA MANIFOLDTANK SIZE 52LFK-5-1-121-14,True,SISTEMA MANIFOLD,TANK SIZE 52L,FK-5-1-12,14.0,ANSUL,570568,"Manifold Check Valve, 2 in.",c/u.,1.0,570568,1
1129,SISTEMA MANIFOLDTANK SIZE 52LFK-5-1-121-15,True,SISTEMA MANIFOLD,TANK SIZE 52L,FK-5-1-12,15.0,ANSUL,570550,Pneumatic Actuator,c/u.,0.0,570550,1
1130,SISTEMA MANIFOLDTANK SIZE 52LFK-5-1-121-16,True,SISTEMA MANIFOLD,TANK SIZE 52L,FK-5-1-12,16.0,ANSUL,32338,"Male Straight Connector, 7/16 - 20 x 1/4 in. NPT",c/u.,1.0,32338,1
1131,SISTEMA MANIFOLDTANK SIZE 52LFK-5-1-121-17,True,SISTEMA MANIFOLD,TANK SIZE 52L,FK-5-1-12,17.0,ANSUL,31810,"Male Elbow, 7/16-20 x 1/4 in. NPT",c/u.,1.0,31810,1
1132,SISTEMA MANIFOLDTANK SIZE 52LFK-5-1-121-18,True,SISTEMA MANIFOLD,TANK SIZE 52L,FK-5-1-12,18.0,ANSUL,32336,"Actuation Hose, Swivel, Stainless Braided, 24 in., 1/4 in. Female",c/u.,0.0,32336,1
1133,SISTEMA MANIFOLDTANK SIZE 52LFK-5-1-121-19,True,SISTEMA MANIFOLD,TANK SIZE 52L,FK-5-1-12,19.0,ANSUL,31811,"Male Tee, 7/16 - 20 x 1/4 in. NPT",c/u.,0.0,31811,1
1134,SISTEMA MANIFOLDTANK SIZE 52LFK-5-1-121-20,True,SISTEMA MANIFOLD,TANK SIZE 52L,FK-5-1-12,20.0,,,,,,0,1
1135,SISTEMA MANIFOLDTANK SIZE 52LFK-5-1-121-21,True,SISTEMA MANIFOLD,TANK SIZE 52L,FK-5-1-12,21.0,ANSUL,437900,"Switch, Pressure, 3PDT",c/u.,1.0,437900,1
1136,SISTEMA MANIFOLDTANK SIZE 52LFK-5-1-121-22,True,SISTEMA MANIFOLD,TANK SIZE 52L,FK-5-1-12,22.0,ANSUL,31811,"Male Tee, 7/16 - 20 x 1/4 in. NPT",c/u.,1.0,31811,1
1137,SISTEMA MANIFOLDTANK SIZE 52LFK-5-1-121-23,True,SISTEMA MANIFOLD,TANK SIZE 52L,FK-5-1-12,23.0,ANSUL,415142,"Acutation Hose, 32 in., 1/4 in. NPT x 7/16-20 in. F Flare",c/u.,1.0,415142,1
1138,SISTEMA MANIFOLDTANK SIZE 52LFK-5-1-121-24,True,SISTEMA MANIFOLD,TANK SIZE 52L,FK-5-1-12,24.0,ANSUL,76498,"Switch, Maintenance, Surface Mount",c/u.,1.0,76498,1
1140,SISTEMA MANIFOLDTANK SIZE 106LFK-5-1-121-1,True,SISTEMA MANIFOLD,TANK SIZE 106L,FK-5-1-12,1.0,ANSUL,AGLIMP-RECARGA-00,SERVICIO DE CARGA DE AGENTE 106L,c/u.,1.0,106L CARGA,1
1141,SISTEMA MANIFOLDTANK SIZE 106LFK-5-1-121-2,True,SISTEMA MANIFOLD,TANK SIZE 106L,FK-5-1-12,2.0,ANSUL,445736,"TANK SIZE 106L, Fill: 117-280 lb.",c/u.,1.0,445736,1
1142,SISTEMA MANIFOLDTANK SIZE 106LFK-5-1-121-3,True,SISTEMA MANIFOLD,TANK SIZE 106L,FK-5-1-12,3.0,ANSUL,FK-5-1-12,FK-5-1-12  FLUID FACTORY FILL PER L,c/u.,2.0,FK-5-1-12,1
1143,SISTEMA MANIFOLDTANK SIZE 106LFK-5-1-121-4,True,SISTEMA MANIFOLD,TANK SIZE 106L,FK-5-1-12,4.0,ANSUL,302207021,"Pressure Gauge, FK-5-1-12",c/u.,1.0,302207021,1
1144,SISTEMA MANIFOLDTANK SIZE 106LFK-5-1-121-5,True,SISTEMA MANIFOLD,TANK SIZE 106L,FK-5-1-12,5.0,ANSUL,314207329,SAPPHIRE Label 32/106 a 343L UL/FM,c/u.,1.0,314207329,1
1145,SISTEMA MANIFOLDTANK SIZE 106LFK-5-1-121-6,True,SISTEMA MANIFOLD,TANK SIZE 106L,FK-5-1-12,6.0,ANSUL,570585,Cylinder Low Pressure Switch,c/u.,1.0,570585,1
1146,SISTEMA MANIFOLDTANK SIZE 106LFK-5-1-121-7,True,SISTEMA MANIFOLD,TANK SIZE 106L,FK-5-1-12,7.0,ANSUL,304205030,Electric Actuator Shipping Assembly,c/u.,1.0,304205030,1
1147,SISTEMA MANIFOLDTANK SIZE 106LFK-5-1-121-8,True,SISTEMA MANIFOLD,TANK SIZE 106L,FK-5-1-12,8.0,ANSUL,A1638150HY,Local Manual Actuator,c/u.,1.0,A1638150HY,1
1148,SISTEMA MANIFOLDTANK SIZE 106LFK-5-1-121-9,True,SISTEMA MANIFOLD,TANK SIZE 106L,FK-5-1-12,9.0,ANSUL,570092-R2,"Tank Bracket Assembly (Fits 140, 280, 390 & 450 lb. Tanks)",c/u.,2.0,570092-R2,1
1149,SISTEMA MANIFOLDTANK SIZE 106LFK-5-1-121-10,True,SISTEMA MANIFOLD,TANK SIZE 106L,FK-5-1-12,10.0,ANSUL,17549OK,"Nozzle, según memoria de calculo",c/u.,1.0,NOZ. 106L,1
1150,SISTEMA MANIFOLDTANK SIZE 106LFK-5-1-121-11,True,SISTEMA MANIFOLD,TANK SIZE 106L,FK-5-1-12,11.0,ANSUL,314207101-R2,DOOR NOTICE (LESS THAN NOAEL),c/u.,1.0,314207101-R2,1
1151,SISTEMA MANIFOLDTANK SIZE 106LFK-5-1-121-12,True,SISTEMA MANIFOLD,TANK SIZE 106L,FK-5-1-12,12.0,ANSUL,314207103-R2,MANUAL RELEASE SIGN,c/u.,1.0,314207103-R2,1
1152,SISTEMA MANIFOLDTANK SIZE 106LFK-5-1-121-13,True,SISTEMA MANIFOLD,TANK SIZE 106L,FK-5-1-12,13.0,ANSUL,570538-R2,"Flexible Discharge Hose, 2 in.",c/u.,1.0,570538-R2,1
1153,SISTEMA MANIFOLDTANK SIZE 106LFK-5-1-121-14,True,SISTEMA MANIFOLD,TANK SIZE 106L,FK-5-1-12,14.0,ANSUL,570568,"Manifold Check Valve, 2 in.",c/u.,1.0,570568,1
1154,SISTEMA MANIFOLDTANK SIZE 106LFK-5-1-121-15,True,SISTEMA MANIFOLD,TANK SIZE 106L,FK-5-1-12,15.0,ANSUL,570550,Pneumatic Actuator,c/u.,0.0,570550,1
1155,SISTEMA MANIFOLDTANK SIZE 106LFK-5-1-121-16,True,SISTEMA MANIFOLD,TANK SIZE 106L,FK-5-1-12,16.0,ANSUL,32338,"Male Straight Connector, 7/16 - 20 x 1/4 in. NPT",c/u.,1.0,32338,1
1156,SISTEMA MANIFOLDTANK SIZE 106LFK-5-1-121-17,True,SISTEMA MANIFOLD,TANK SIZE 106L,FK-5-1-12,17.0,ANSUL,31810,"Male Elbow, 7/16-20 x 1/4 in. NPT",c/u.,1.0,31810,1
1157,SISTEMA MANIFOLDTANK SIZE 106LFK-5-1-121-18,True,SISTEMA MANIFOLD,TANK SIZE 106L,FK-5-1-12,18.0,ANSUL,32336,"Actuation Hose, Swivel, Stainless Braided, 24 in., 1/4 in. Female",c/u.,0.0,32336,1
1158,SISTEMA MANIFOLDTANK SIZE 106LFK-5-1-121-19,True,SISTEMA MANIFOLD,TANK SIZE 106L,FK-5-1-12,19.0,ANSUL,31811,"Male Tee, 7/16 - 20 x 1/4 in. NPT",c/u.,0.0,31811,1
1159,SISTEMA MANIFOLDTANK SIZE 106LFK-5-1-121-20,True,SISTEMA MANIFOLD,TANK SIZE 106L,FK-5-1-12,20.0,,,,,,0,1
1160,SISTEMA MANIFOLDTANK SIZE 106LFK-5-1-121-21,True,SISTEMA MANIFOLD,TANK SIZE 106L,FK-5-1-12,21.0,ANSUL,437900,"Switch, Pressure, 3PDT",c/u.,1.0,437900,1
1161,SISTEMA MANIFOLDTANK SIZE 106LFK-5-1-121-22,True,SISTEMA MANIFOLD,TANK SIZE 106L,FK-5-1-12,22.0,ANSUL,31811,"Male Tee, 7/16 - 20 x 1/4 in. NPT",c/u.,1.0,31811,1
1162,SISTEMA MANIFOLDTANK SIZE 106LFK-5-1-121-23,True,SISTEMA MANIFOLD,TANK SIZE 106L,FK-5-1-12,23.0,ANSUL,415142,"Acutation Hose, 32 in., 1/4 in. NPT x 7/16-20 in. F Flare",c/u.,1.0,415142,1
1163,SISTEMA MANIFOLDTANK SIZE 106LFK-5-1-121-24,True,SISTEMA MANIFOLD,TANK SIZE 106L,FK-5-1-12,24.0,ANSUL,76498,"Switch, Maintenance, Surface Mount",c/u.,1.0,76498,1
1164,SISTEMA MANIFOLDTANK SIZE 106LFK-5-1-121-25,True,SISTEMA MANIFOLD,TANK SIZE 106L,FK-5-1-12,25.0,ANSUL,570277,"Liquid Level Indicator (For 280 lb. Tank), 32 in.",c/u.,1.0,570277,1
1166,SISTEMA MANIFOLDTANK SIZE 147LFK-5-1-121-1,True,SISTEMA MANIFOLD,TANK SIZE 147L,FK-5-1-12,1.0,ANSUL,AGLIMP-RECARGA-00,SERVICIO DE CARGA DE AGENTE 147L,c/u.,1.0,147L CARGA,1
1167,SISTEMA MANIFOLDTANK SIZE 147LFK-5-1-121-2,True,SISTEMA MANIFOLD,TANK SIZE 147L,FK-5-1-12,2.0,ANSUL,445737,"TANK SIZE 147L, Fill: 163-388 lb.",c/u.,1.0,445737,1
1168,SISTEMA MANIFOLDTANK SIZE 147LFK-5-1-121-3,True,SISTEMA MANIFOLD,TANK SIZE 147L,FK-5-1-12,3.0,ANSUL,FK-5-1-12,FK-5-1-12  FLUID FACTORY FILL PER L,c/u.,2.0,FK-5-1-12,1
1169,SISTEMA MANIFOLDTANK SIZE 147LFK-5-1-121-4,True,SISTEMA MANIFOLD,TANK SIZE 147L,FK-5-1-12,4.0,ANSUL,302207021,"Pressure Gauge, FK-5-1-12",c/u.,1.0,302207021,1
1170,SISTEMA MANIFOLDTANK SIZE 147LFK-5-1-121-5,True,SISTEMA MANIFOLD,TANK SIZE 147L,FK-5-1-12,5.0,ANSUL,314207329,SAPPHIRE Label 32/106 a 343L UL/FM,c/u.,1.0,314207329,1
1171,SISTEMA MANIFOLDTANK SIZE 147LFK-5-1-121-6,True,SISTEMA MANIFOLD,TANK SIZE 147L,FK-5-1-12,6.0,ANSUL,570585,Cylinder Low Pressure Switch,c/u.,1.0,570585,1
1172,SISTEMA MANIFOLDTANK SIZE 147LFK-5-1-121-7,True,SISTEMA MANIFOLD,TANK SIZE 147L,FK-5-1-12,7.0,ANSUL,304205030,Electric Actuator Shipping Assembly,c/u.,1.0,304205030,1
1173,SISTEMA MANIFOLDTANK SIZE 147LFK-5-1-121-8,True,SISTEMA MANIFOLD,TANK SIZE 147L,FK-5-1-12,8.0,ANSUL,A1638150HY,Local Manual Actuator,c/u.,1.0,A1638150HY,1
1174,SISTEMA MANIFOLDTANK SIZE 147LFK-5-1-121-9,True,SISTEMA MANIFOLD,TANK SIZE 147L,FK-5-1-12,9.0,ANSUL,570092-R2,"Tank Bracket Assembly (Fits 140, 280, 390 & 450 lb. Tanks)",c/u.,2.0,570092-R2,1
1175,SISTEMA MANIFOLDTANK SIZE 147LFK-5-1-121-10,True,SISTEMA MANIFOLD,TANK SIZE 147L,FK-5-1-12,10.0,ANSUL,17549OK,"Nozzle, según memoria de calculo",c/u.,1.0,NOZ. 147L,1
1176,SISTEMA MANIFOLDTANK SIZE 147LFK-5-1-121-11,True,SISTEMA MANIFOLD,TANK SIZE 147L,FK-5-1-12,11.0,ANSUL,314207101-R2,DOOR NOTICE (LESS THAN NOAEL),c/u.,1.0,314207101-R2,1
1177,SISTEMA MANIFOLDTANK SIZE 147LFK-5-1-121-12,True,SISTEMA MANIFOLD,TANK SIZE 147L,FK-5-1-12,12.0,ANSUL,314207103-R2,MANUAL RELEASE SIGN,c/u.,1.0,314207103-R2,1
1178,SISTEMA MANIFOLDTANK SIZE 147LFK-5-1-121-13,True,SISTEMA MANIFOLD,TANK SIZE 147L,FK-5-1-12,13.0,ANSUL,570538-R2,"Flexible Discharge Hose, 2 in.",c/u.,1.0,570538-R2,1
1179,SISTEMA MANIFOLDTANK SIZE 147LFK-5-1-121-14,True,SISTEMA MANIFOLD,TANK SIZE 147L,FK-5-1-12,14.0,ANSUL,570568,"Manifold Check Valve, 2 in.",c/u.,1.0,570568,1
1180,SISTEMA MANIFOLDTANK SIZE 147LFK-5-1-121-15,True,SISTEMA MANIFOLD,TANK SIZE 147L,FK-5-1-12,15.0,ANSUL,570550,Pneumatic Actuator,c/u.,0.0,570550,1
1181,SISTEMA MANIFOLDTANK SIZE 147LFK-5-1-121-16,True,SISTEMA MANIFOLD,TANK SIZE 147L,FK-5-1-12,16.0,ANSUL,32338,"Male Straight Connector, 7/16 - 20 x 1/4 in. NPT",c/u.,1.0,32338,1
1182,SISTEMA MANIFOLDTANK SIZE 147LFK-5-1-121-17,True,SISTEMA MANIFOLD,TANK SIZE 147L,FK-5-1-12,17.0,ANSUL,31810,"Male Elbow, 7/16-20 x 1/4 in. NPT",c/u.,1.0,31810,1
1183,SISTEMA MANIFOLDTANK SIZE 147LFK-5-1-121-18,True,SISTEMA MANIFOLD,TANK SIZE 147L,FK-5-1-12,18.0,ANSUL,32336,"Actuation Hose, Swivel, Stainless Braided, 24 in., 1/4 in. Female",c/u.,0.0,32336,1
1184,SISTEMA MANIFOLDTANK SIZE 147LFK-5-1-121-19,True,SISTEMA MANIFOLD,TANK SIZE 147L,FK-5-1-12,19.0,ANSUL,31811,"Male Tee, 7/16 - 20 x 1/4 in. NPT",c/u.,0.0,31811,1
1185,SISTEMA MANIFOLDTANK SIZE 147LFK-5-1-121-20,True,SISTEMA MANIFOLD,TANK SIZE 147L,FK-5-1-12,20.0,,,,,,0,1
1186,SISTEMA MANIFOLDTANK SIZE 147LFK-5-1-121-21,True,SISTEMA MANIFOLD,TANK SIZE 147L,FK-5-1-12,21.0,ANSUL,437900,"Switch, Pressure, 3PDT",c/u.,1.0,437900,1
1187,SISTEMA MANIFOLDTANK SIZE 147LFK-5-1-121-22,True,SISTEMA MANIFOLD,TANK SIZE 147L,FK-5-1-12,22.0,ANSUL,31811,"Male Tee, 7/16 - 20 x 1/4 in. NPT",c/u.,1.0,31811,1
1188,SISTEMA MANIFOLDTANK SIZE 147LFK-5-1-121-23,True,SISTEMA MANIFOLD,TANK SIZE 147L,FK-5-1-12,23.0,ANSUL,415142,"Acutation Hose, 32 in., 1/4 in. NPT x 7/16-20 in. F Flare",c/u.,1.0,415142,1
1189,SISTEMA MANIFOLDTANK SIZE 147LFK-5-1-121-24,True,SISTEMA MANIFOLD,TANK SIZE 147L,FK-5-1-12,24.0,ANSUL,76498,"Switch, Maintenance, Surface Mount",c/u.,1.0,76498,1
1190,SISTEMA MANIFOLDTANK SIZE 147LFK-5-1-121-25,True,SISTEMA MANIFOLD,TANK SIZE 147L,FK-5-1-12,25.0,ANSUL,570278,"Liquid Level Indicator (For 390 & 850 lb. Tanks), 43 in.",c/u.,1.0,570278,1
1192,SISTEMA MANIFOLDTANK SIZE 180LFK-5-1-121-1,True,SISTEMA MANIFOLD,TANK SIZE 180L,FK-5-1-12,1.0,ANSUL,AGLIMP-RECARGA-00,SERVICIO DE CARGA DE AGENTE 180L,c/u.,1.0,180L CARGA,1
1193,SISTEMA MANIFOLDTANK SIZE 180LFK-5-1-121-2,True,SISTEMA MANIFOLD,TANK SIZE 180L,FK-5-1-12,2.0,ANSUL,445738,"TANK SIZE 180L, Fill: 199-459 lb.",c/u.,1.0,445738,1
1194,SISTEMA MANIFOLDTANK SIZE 180LFK-5-1-121-3,True,SISTEMA MANIFOLD,TANK SIZE 180L,FK-5-1-12,3.0,ANSUL,FK-5-1-12,FK-5-1-12  FLUID FACTORY FILL PER L,c/u.,2.0,FK-5-1-12,1
1195,SISTEMA MANIFOLDTANK SIZE 180LFK-5-1-121-4,True,SISTEMA MANIFOLD,TANK SIZE 180L,FK-5-1-12,4.0,ANSUL,302207021,"Pressure Gauge, FK-5-1-12",c/u.,1.0,302207021,1
1196,SISTEMA MANIFOLDTANK SIZE 180LFK-5-1-121-5,True,SISTEMA MANIFOLD,TANK SIZE 180L,FK-5-1-12,5.0,ANSUL,314207329,SAPPHIRE Label 32/106 a 343L UL/FM,c/u.,1.0,314207329,1
1197,SISTEMA MANIFOLDTANK SIZE 180LFK-5-1-121-6,True,SISTEMA MANIFOLD,TANK SIZE 180L,FK-5-1-12,6.0,ANSUL,570585,Cylinder Low Pressure Switch,c/u.,1.0,570585,1
1198,SISTEMA MANIFOLDTANK SIZE 180LFK-5-1-121-7,True,SISTEMA MANIFOLD,TANK SIZE 180L,FK-5-1-12,7.0,ANSUL,304205030,Electric Actuator Shipping Assembly,c/u.,1.0,304205030,1
1199,SISTEMA MANIFOLDTANK SIZE 180LFK-5-1-121-8,True,SISTEMA MANIFOLD,TANK SIZE 180L,FK-5-1-12,8.0,ANSUL,A1638150HY,Local Manual Actuator,c/u.,1.0,A1638150HY,1
1200,SISTEMA MANIFOLDTANK SIZE 180LFK-5-1-121-9,True,SISTEMA MANIFOLD,TANK SIZE 180L,FK-5-1-12,9.0,ANSUL,570092-R2,"Tank Bracket Assembly (Fits 140, 280, 390 & 450 lb. Tanks)",c/u.,2.0,570092-R2,1
1201,SISTEMA MANIFOLDTANK SIZE 180LFK-5-1-121-10,True,SISTEMA MANIFOLD,TANK SIZE 180L,FK-5-1-12,10.0,ANSUL,17549OK,"Nozzle, según memoria de calculo",c/u.,1.0,NOZ. 180L,1
1202,SISTEMA MANIFOLDTANK SIZE 180LFK-5-1-121-11,True,SISTEMA MANIFOLD,TANK SIZE 180L,FK-5-1-12,11.0,ANSUL,314207101-R2,DOOR NOTICE (LESS THAN NOAEL),c/u.,1.0,314207101-R2,1
1203,SISTEMA MANIFOLDTANK SIZE 180LFK-5-1-121-12,True,SISTEMA MANIFOLD,TANK SIZE 180L,FK-5-1-12,12.0,ANSUL,314207103-R2,MANUAL RELEASE SIGN,c/u.,1.0,314207103-R2,1
1204,SISTEMA MANIFOLDTANK SIZE 180LFK-5-1-121-13,True,SISTEMA MANIFOLD,TANK SIZE 180L,FK-5-1-12,13.0,ANSUL,570538-R2,"Flexible Discharge Hose, 2 in.",c/u.,1.0,570538-R2,1
1205,SISTEMA MANIFOLDTANK SIZE 180LFK-5-1-121-14,True,SISTEMA MANIFOLD,TANK SIZE 180L,FK-5-1-12,14.0,ANSUL,570568,"Manifold Check Valve, 2 in.",c/u.,1.0,570568,1
1206,SISTEMA MANIFOLDTANK SIZE 180LFK-5-1-121-15,True,SISTEMA MANIFOLD,TANK SIZE 180L,FK-5-1-12,15.0,ANSUL,570550,Pneumatic Actuator,c/u.,0.0,570550,1
1207,SISTEMA MANIFOLDTANK SIZE 180LFK-5-1-121-16,True,SISTEMA MANIFOLD,TANK SIZE 180L,FK-5-1-12,16.0,ANSUL,32338,"Male Straight Connector, 7/16 - 20 x 1/4 in. NPT",c/u.,1.0,32338,1
1208,SISTEMA MANIFOLDTANK SIZE 180LFK-5-1-121-17,True,SISTEMA MANIFOLD,TANK SIZE 180L,FK-5-1-12,17.0,ANSUL,31810,"Male Elbow, 7/16-20 x 1/4 in. NPT",c/u.,1.0,31810,1
1209,SISTEMA MANIFOLDTANK SIZE 180LFK-5-1-121-18,True,SISTEMA MANIFOLD,TANK SIZE 180L,FK-5-1-12,18.0,ANSUL,32336,"Actuation Hose, Swivel, Stainless Braided, 24 in., 1/4 in. Female",c/u.,0.0,32336,1
1210,SISTEMA MANIFOLDTANK SIZE 180LFK-5-1-121-19,True,SISTEMA MANIFOLD,TANK SIZE 180L,FK-5-1-12,19.0,ANSUL,31811,"Male Tee, 7/16 - 20 x 1/4 in. NPT",c/u.,0.0,31811,1
1211,SISTEMA MANIFOLDTANK SIZE 180LFK-5-1-121-20,True,SISTEMA MANIFOLD,TANK SIZE 180L,FK-5-1-12,20.0,,,,,,0,1
1212,SISTEMA MANIFOLDTANK SIZE 180LFK-5-1-121-21,True,SISTEMA MANIFOLD,TANK SIZE 180L,FK-5-1-12,21.0,ANSUL,437900,"Switch, Pressure, 3PDT",c/u.,1.0,437900,1
1213,SISTEMA MANIFOLDTANK SIZE 180LFK-5-1-121-22,True,SISTEMA MANIFOLD,TANK SIZE 180L,FK-5-1-12,22.0,ANSUL,31811,"Male Tee, 7/16 - 20 x 1/4 in. NPT",c/u.,1.0,31811,1
1214,SISTEMA MANIFOLDTANK SIZE 180LFK-5-1-121-23,True,SISTEMA MANIFOLD,TANK SIZE 180L,FK-5-1-12,23.0,ANSUL,415142,"Acutation Hose, 32 in., 1/4 in. NPT x 7/16-20 in. F Flare",c/u.,1.0,415142,1
1215,SISTEMA MANIFOLDTANK SIZE 180LFK-5-1-121-24,True,SISTEMA MANIFOLD,TANK SIZE 180L,FK-5-1-12,24.0,ANSUL,76498,"Switch, Maintenance, Surface Mount",c/u.,1.0,76498,1
1216,SISTEMA MANIFOLDTANK SIZE 180LFK-5-1-121-25,True,SISTEMA MANIFOLD,TANK SIZE 180L,FK-5-1-12,25.0,ANSUL,570589,"Liquid Level Indicator (For 450 lb. Tank), 55 in.",c/u.,1.0,570589,1
1218,SISTEMA MANIFOLDTANK SIZE 343LFK-5-1-121-1,True,SISTEMA MANIFOLD,TANK SIZE 343L,FK-5-1-12,1.0,ANSUL,AGLIMP-RECARGA-00,SERVICIO DE CARGA DE AGENTE 343L,c/u.,1.0,343L CARGA,1
1219,SISTEMA MANIFOLDTANK SIZE 343LFK-5-1-121-2,True,SISTEMA MANIFOLD,TANK SIZE 343L,FK-5-1-12,2.0,ANSUL,445739,"TANK SIZE 343L, Fill: 379-851 lb.",c/u.,1.0,445739,1
1220,SISTEMA MANIFOLDTANK SIZE 343LFK-5-1-121-3,True,SISTEMA MANIFOLD,TANK SIZE 343L,FK-5-1-12,3.0,ANSUL,FK-5-1-12,FK-5-1-12  FLUID FACTORY FILL PER L,c/u.,2.0,FK-5-1-12,1
1221,SISTEMA MANIFOLDTANK SIZE 343LFK-5-1-121-4,True,SISTEMA MANIFOLD,TANK SIZE 343L,FK-5-1-12,4.0,ANSUL,302207021,"Pressure Gauge, FK-5-1-12",c/u.,1.0,302207021,1
1222,SISTEMA MANIFOLDTANK SIZE 343LFK-5-1-121-5,True,SISTEMA MANIFOLD,TANK SIZE 343L,FK-5-1-12,5.0,ANSUL,314207329,SAPPHIRE Label 32/106 a 343L UL/FM,c/u.,1.0,314207329,1
1223,SISTEMA MANIFOLDTANK SIZE 343LFK-5-1-121-6,True,SISTEMA MANIFOLD,TANK SIZE 343L,FK-5-1-12,6.0,ANSUL,570585,Cylinder Low Pressure Switch,c/u.,1.0,570585,1
1224,SISTEMA MANIFOLDTANK SIZE 343LFK-5-1-121-7,True,SISTEMA MANIFOLD,TANK SIZE 343L,FK-5-1-12,7.0,ANSUL,304205030,Electric Actuator Shipping Assembly,c/u.,1.0,304205030,1
1225,SISTEMA MANIFOLDTANK SIZE 343LFK-5-1-121-8,True,SISTEMA MANIFOLD,TANK SIZE 343L,FK-5-1-12,8.0,ANSUL,A1638150HY,Local Manual Actuator,c/u.,1.0,A1638150HY,1
1226,SISTEMA MANIFOLDTANK SIZE 343LFK-5-1-121-9,True,SISTEMA MANIFOLD,TANK SIZE 343L,FK-5-1-12,9.0,ANSUL,570336-R2,Tank Bracket Assembly (Fits 850 lb. Tank),c/u.,2.0,570336-R2,1
1227,SISTEMA MANIFOLDTANK SIZE 343LFK-5-1-121-10,True,SISTEMA MANIFOLD,TANK SIZE 343L,FK-5-1-12,10.0,ANSUL,17549OK,"Nozzle, según memoria de calculo",c/u.,1.0,NOZ. 343L,1
1228,SISTEMA MANIFOLDTANK SIZE 343LFK-5-1-121-11,True,SISTEMA MANIFOLD,TANK SIZE 343L,FK-5-1-12,11.0,ANSUL,314207101-R2,DOOR NOTICE (LESS THAN NOAEL),c/u.,1.0,314207101-R2,1
1229,SISTEMA MANIFOLDTANK SIZE 343LFK-5-1-121-12,True,SISTEMA MANIFOLD,TANK SIZE 343L,FK-5-1-12,12.0,ANSUL,314207103-R2,MANUAL RELEASE SIGN,c/u.,1.0,314207103-R2,1
1230,SISTEMA MANIFOLDTANK SIZE 343LFK-5-1-121-13,True,SISTEMA MANIFOLD,TANK SIZE 343L,FK-5-1-12,13.0,ANSUL,69841-R2,"Discharge Hose/Check Valve Assembly, 3 in.",c/u.,1.0,69841-R2,1
1231,SISTEMA MANIFOLDTANK SIZE 343LFK-5-1-121-14,True,SISTEMA MANIFOLD,TANK SIZE 343L,FK-5-1-12,14.0,ANSUL,570550,Pneumatic Actuator,c/u.,0.0,570550,1
1232,SISTEMA MANIFOLDTANK SIZE 343LFK-5-1-121-15,True,SISTEMA MANIFOLD,TANK SIZE 343L,FK-5-1-12,15.0,ANSUL,32338,"Male Straight Connector, 7/16 - 20 x 1/4 in. NPT",c/u.,1.0,32338,1
1233,SISTEMA MANIFOLDTANK SIZE 343LFK-5-1-121-16,True,SISTEMA MANIFOLD,TANK SIZE 343L,FK-5-1-12,16.0,ANSUL,31810,"Male Elbow, 7/16-20 x 1/4 in. NPT",c/u.,1.0,31810,1
1234,SISTEMA MANIFOLDTANK SIZE 343LFK-5-1-121-17,True,SISTEMA MANIFOLD,TANK SIZE 343L,FK-5-1-12,17.0,ANSUL,32336,"Actuation Hose, Swivel, Stainless Braided, 24 in., 1/4 in. Female",c/u.,0.0,32336,1
1235,SISTEMA MANIFOLDTANK SIZE 343LFK-5-1-121-18,True,SISTEMA MANIFOLD,TANK SIZE 343L,FK-5-1-12,18.0,ANSUL,31811,"Male Tee, 7/16 - 20 x 1/4 in. NPT",c/u.,0.0,31811,1
1236,SISTEMA MANIFOLDTANK SIZE 343LFK-5-1-121-19,True,SISTEMA MANIFOLD,TANK SIZE 343L,FK-5-1-12,19.0,,,,,,0,1
1237,SISTEMA MANIFOLDTANK SIZE 343LFK-5-1-121-20,True,SISTEMA MANIFOLD,TANK SIZE 343L,FK-5-1-12,20.0,ANSUL,437900,"Switch, Pressure, 3PDT",c/u.,1.0,437900,1
1238,SISTEMA MANIFOLDTANK SIZE 343LFK-5-1-121-21,True,SISTEMA MANIFOLD,TANK SIZE 343L,FK-5-1-12,21.0,ANSUL,31811,"Male Tee, 7/16 - 20 x 1/4 in. NPT",c/u.,1.0,31811,1
1239,SISTEMA MANIFOLDTANK SIZE 343LFK-5-1-121-22,True,SISTEMA MANIFOLD,TANK SIZE 343L,FK-5-1-12,22.0,ANSUL,430815,"Acutation Hose, 42 in., 1/4 in. NPT x 7/16-20 in. F Flare",c/u.,1.0,430815,1
1240,SISTEMA MANIFOLDTANK SIZE 343LFK-5-1-121-23,True,SISTEMA MANIFOLD,TANK SIZE 343L,FK-5-1-12,23.0,ANSUL,76498,"Switch, Maintenance, Surface Mount",c/u.,1.0,76498,1
1241,SISTEMA MANIFOLDTANK SIZE 343LFK-5-1-121-24,True,SISTEMA MANIFOLD,TANK SIZE 343L,FK-5-1-12,24.0,ANSUL,570278,"Liquid Level Indicator (For 390 & 850 lb. Tanks), 43 in.",c/u.,1.0,570278,1
